brokered_by,status,price,bed,bath,acre_lot,street,city,state,zip_code,house_size,prev_sold_date
103378.0,for_sale,105000.0,3.0,2.0,0.12,1962661.0,Adjuntas,Puerto Rico,601.0,920.0,
52707.0,for_sale,80000.0,4.0,2.0,0.08,1902874.0,Adjuntas,Puerto Rico,601.0,1527.0,
103379.0,for_sale,67000.0,2.0,1.0,0.15,1404990.0,Juana Diaz,Puerto Rico,795.0,748.0,
31239.0,for_sale,145000.0,4.0,2.0,0.1,1947675.0,Ponce,Puerto Rico,731.0,1800.0,
34632.0,for_sale,65000.0,6.0,2.0,0.05,331151.0,Mayaguez,Puerto Rico,680.0,,
103378.0,for_sale,179000.0,4.0,3.0,0.46,1850806.0,San Sebastian,Puerto Rico,612.0,2520.0,
1205.0,for_sale,50000.0,3.0,1.0,0.2,1298094.0,Ciales,Puerto Rico,639.0,2040.0,
50739.0,for_sale,71600.0,3.0,2.0,0.08,1048466.0,Ponce,Puerto Rico,731.0,1050.0,
81909.0,for_sale,100000.0,2.0,1.0,0.09,734904.0,Ponce,Puerto Rico,730.0,1092.0,
65672.0,for_sale,300000.0,5.0,3.0,7.46,1946226.0,Las Marias,Puerto Rico,670.0,5403.0,
52707.0,for_sale,89000.0,3.0,2.0,13.39,1902814.0,Isabela,Puerto Rico,662.0,1106.0,
52707.0,for_sale,150000.0,3.0,2.0,0.08,1773902.0,Juana Diaz,Puerto Rico,795.0,1045.0,
46019.0,for_sale,155000.0,3.0,2.0,0.1,1946165.0,Lares,Puerto Rico,669.0,4161.0,
52707.0,for_sale,79000.0,5.0,2.0,0.12,1761024.0,Utuado,Puerto Rico,641.0,1620.0,
88441.0,for_sale,649000.0,5.0,5.0,0.74,1879215.0,Ponce,Puerto Rico,731.0,2677.0,
50739.0,for_sale,120000.0,3.0,2.0,0.08,17854.0,Yauco,Puerto Rico,698.0,1100.0,
51202.0,for_sale,235000.0,4.0,4.0,0.22,13687.0,Mayaguez,Puerto Rico,680.0,3450.0,
12876.0,for_sale,105000.0,3.0,2.0,0.08,1868721.0,Ponce,Puerto Rico,728.0,1500.0,
109906.0,for_sale,575000.0,3.0,2.0,3.88,1312671.0,San Sebastian,Puerto Rico,685.0,4000.0,
46019.0,for_sale,140000.0,6.0,3.0,0.25,6710.0,Anasco,Puerto Rico,610.0,1230.0,
52707.0,for_sale,50000.0,2.0,1.0,0.23,1902835.0,Yauco,Puerto Rico,698.0,621.0,
52707.0,for_sale,165000.0,6.0,3.0,0.1,117231.0,Moca,Puerto Rico,676.0,3000.0,
81909.0,for_sale,189000.0,3.0,1.0,2.0,1307740.0,Coamo,Puerto Rico,769.0,1213.0,
52707.0,for_sale,115000.0,3.0,2.0,,481889.0,Ponce,Puerto Rico,716.0,1148.0,
12434.0,for_sale,122500.0,3.0,2.0,0.05,437877.0,Yauco,Puerto Rico,698.0,1118.0,
52464.0,for_sale,255000.0,3.0,2.0,0.28,1948621.0,San Sebastian,Puerto Rico,685.0,1500.0,
81495.0,for_sale,425000.0,4.0,3.0,0.3,955013.0,Ponce,Puerto Rico,730.0,3000.0,
87549.0,for_sale,93000.0,4.0,2.0,0.11,1854860.0,Guayanilla,Puerto Rico,656.0,1300.0,
92147.0,for_sale,75000.0,4.0,2.0,0.04,511838.0,Manati,Puerto Rico,676.0,1080.0,
29915.0,for_sale,469000.0,3.0,2.0,0.69,1857020.0,Isabela,Puerto Rico,662.0,2505.0,
52707.0,for_sale,189000.0,6.0,3.0,1.75,1902849.0,Villalba,Puerto Rico,766.0,1943.0,
52707.0,for_sale,225000.0,5.0,4.0,0.12,1987398.0,Ponce,Puerto Rico,717.0,1600.0,
67133.0,for_sale,495000.0,4.0,2.0,3.08,1962660.0,Santa Isabel,Puerto Rico,757.0,2886.0,
86036.0,for_sale,220000.0,1.0,1.0,0.1,523790.0,Ponce,Puerto Rico,730.0,850.0,
52707.0,for_sale,70500.0,3.0,1.0,0.23,1856955.0,Yauco,Puerto Rico,698.0,936.0,
3606.0,for_sale,305000.0,3.0,2.0,1.13,1902855.0,Moca,Puerto Rico,676.0,1928.0,
109906.0,for_sale,475000.0,4.0,4.0,4.84,1940314.0,San Sebastian,Puerto Rico,685.0,3690.0,
1502.0,for_sale,195000.0,3.0,4.0,1.94,1856898.0,Utuado,Puerto Rico,641.0,2500.0,
109906.0,for_sale,120000.0,4.0,2.0,0.24,1667467.0,Las Marias,Puerto Rico,670.0,1800.0,
52707.0,for_sale,650000.0,9.0,7.0,0.46,1902746.0,Mayaguez,Puerto Rico,680.0,3709.0,
86036.0,for_sale,555000.0,5.0,3.0,0.16,480944.0,Ponce,Puerto Rico,730.0,3100.0,
63639.0,for_sale,3900000.0,6.0,6.0,0.94,269007.0,Penuelas,Puerto Rico,624.0,9297.0,
52707.0,for_sale,400000.0,,,0.99,1857015.0,Moca,Puerto Rico,676.0,43082.0,
80224.0,for_sale,380000.0,,,18.45,1855421.0,Hatillo,Puerto Rico,659.0,,
52707.0,for_sale,95000.0,3.0,2.0,0.1,1868667.0,Aguada,Puerto Rico,602.0,600.0,
87549.0,for_sale,74000.0,3.0,1.0,0.09,1902824.0,Aguada,Puerto Rico,602.0,900.0,
108122.0,for_sale,139500.0,4.0,2.0,0.15,397960.0,Aguada,Puerto Rico,602.0,3000.0,
72457.0,for_sale,149900.0,1.0,1.0,0.26,1850822.0,Aguada,Puerto Rico,602.0,2100.0,
15143.0,for_sale,180000.0,2.0,2.0,0.24,1234696.0,Aguada,Puerto Rico,602.0,1138.0,
52707.0,for_sale,249000.0,3.0,2.0,0.13,1902736.0,Aguada,Puerto Rico,602.0,1380.0,
52707.0,for_sale,252000.0,6.0,4.0,0.23,1902727.0,Aguada,Puerto Rico,602.0,2500.0,
102017.0,for_sale,160000.0,2.0,1.0,,1842923.0,Aguada,Puerto Rico,602.0,813.0,
49045.0,for_sale,90000.0,2.0,1.0,0.07,1837494.0,Aguada,Puerto Rico,602.0,813.0,
46019.0,for_sale,500000.0,5.0,3.0,1.78,10282.0,Aguada,Puerto Rico,602.0,2962.0,
47983.0,for_sale,339000.0,4.0,2.0,0.1,268641.0,Aguada,Puerto Rico,602.0,1955.0,
89348.0,for_sale,265000.0,3.0,2.0,0.08,1868699.0,Aguada,Puerto Rico,602.0,1200.0,
55906.0,for_sale,10000000.0,6.0,5.0,0.12,1233063.0,Aguada,Puerto Rico,602.0,6000.0,
47983.0,for_sale,389000.0,3.0,4.0,2.0,1902739.0,Aguada,Puerto Rico,602.0,1880.0,
102017.0,for_sale,575000.0,3.0,2.0,2.96,1962620.0,Aguada,Puerto Rico,602.0,2500.0,
46019.0,for_sale,35000.0,,,0.88,1234597.0,Aguada,Puerto Rico,602.0,,
52464.0,for_sale,58000.0,,,0.21,1966337.0,Aguada,Puerto Rico,602.0,,
46019.0,for_sale,85000.0,,,21.08,1188097.0,Aguada,Puerto Rico,602.0,,
102017.0,for_sale,47000.0,,,0.57,1841588.0,Aguada,Puerto Rico,602.0,,
102017.0,for_sale,720000.0,3.0,3.0,,1667516.0,Aguada,Puerto Rico,602.0,2715.0,
102017.0,for_sale,375000.0,7.0,5.0,0.31,166250.0,Aguada,Puerto Rico,602.0,2775.0,
46019.0,for_sale,50000.0,,,0.65,1946326.0,Aguada,Puerto Rico,602.0,,
66561.0,for_sale,3250000.0,,6.0,0.06,1856959.0,Rincon,Puerto Rico,602.0,,
47983.0,for_sale,39500.0,,,0.24,1902841.0,Aguada,Puerto Rico,602.0,,
102017.0,for_sale,249500.0,,,33.35,1032552.0,Aguada,Puerto Rico,602.0,,
46019.0,for_sale,1399000.0,5.0,3.0,8.74,6714.0,Aguada,Puerto Rico,602.0,5517.0,
60830.0,for_sale,600000.0,6.0,5.0,0.1,1946165.0,Aguada,Puerto Rico,602.0,2400.0,
102017.0,for_sale,649000.0,,,2.64,1946165.0,Aguada,Puerto Rico,602.0,,
47983.0,for_sale,189000.0,2.0,1.0,,1902894.0,Aguada,Puerto Rico,602.0,951.0,
52707.0,for_sale,150000.0,,,1.46,1902798.0,Aguada,Puerto Rico,602.0,,
107152.0,for_sale,74000.0,,,0.21,1966339.0,Aguada,Puerto Rico,602.0,,
102017.0,for_sale,65500.0,,,0.28,16882.0,Aguada,Puerto Rico,602.0,,
102017.0,for_sale,67500.0,,,0.28,1760196.0,Aguada,Puerto Rico,602.0,,
107152.0,for_sale,74000.0,,,0.21,1842584.0,Aguada,Puerto Rico,602.0,,
88086.0,for_sale,130000.0,,,0.42,1902763.0,Aguada,Puerto Rico,602.0,,
46019.0,for_sale,95000.0,,,0.37,1188098.0,Aguada,Puerto Rico,602.0,,
47983.0,for_sale,329000.0,,,0.23,939073.0,Rincon,Puerto Rico,602.0,,
46019.0,for_sale,130000.0,,,0.68,6711.0,Aguada,Puerto Rico,602.0,,
102017.0,for_sale,94770.0,,,0.25,166251.0,Aguada,Puerto Rico,602.0,,
88086.0,for_sale,150000.0,,,0.38,1902760.0,Aguada,Puerto Rico,602.0,,
46019.0,for_sale,165000.0,,,0.4,167086.0,Aguada,Puerto Rico,602.0,,
107152.0,for_sale,215000.0,3.0,2.0,0.22,595559.0,Aguadilla,Puerto Rico,603.0,2070.0,
52707.0,for_sale,63000.0,3.0,2.0,0.05,1856967.0,Aguadilla,Puerto Rico,603.0,1184.0,
107152.0,for_sale,215000.0,3.0,2.0,0.22,1268649.0,Aguadilla,Puerto Rico,603.0,1900.0,
48586.0,for_sale,115000.0,3.0,1.0,0.2,1962563.0,Aguadilla,Puerto Rico,603.0,980.0,
52707.0,for_sale,99000.0,4.0,2.0,0.89,1499349.0,Aguadilla,Puerto Rico,603.0,1408.0,
102017.0,for_sale,850000.0,5.0,5.0,0.62,792809.0,Aguadilla,Puerto Rico,603.0,8460.0,
92147.0,for_sale,140000.0,3.0,2.0,0.11,1868702.0,Aguadilla,Puerto Rico,603.0,1116.0,
1123.0,for_sale,499000.0,4.0,3.0,0.26,117065.0,Aguadilla,Puerto Rico,603.0,3734.0,
87549.0,for_sale,180000.0,3.0,2.0,0.17,846259.0,Aguadilla,Puerto Rico,603.0,1500.0,
61710.0,for_sale,225900.0,6.0,3.0,0.49,1946283.0,Aguadilla,Puerto Rico,603.0,2618.0,
65672.0,for_sale,260000.0,4.0,2.0,0.12,1136713.0,Aguadilla,Puerto Rico,603.0,1760.0,
102017.0,for_sale,31179.0,,,0.13,1987983.0,Aguadilla,Puerto Rico,603.0,,
52707.0,for_sale,500000.0,4.0,3.0,0.33,1902866.0,Aguadilla,Puerto Rico,603.0,2950.0,
103378.0,for_sale,225000.0,3.0,2.0,0.21,1838380.0,Aguada,Puerto Rico,603.0,1565.0,
46019.0,for_sale,28000.0,,,0.25,1236850.0,Aguadilla,Puerto Rico,603.0,,
60028.0,for_sale,425000.0,4.0,2.0,0.95,1946165.0,Aguadilla,Puerto Rico,603.0,3468.0,
34632.0,for_sale,300000.0,4.0,2.0,10.76,1258490.0,Aguadilla,Puerto Rico,603.0,547.0,
101.0,for_sale,75000.0,,,0.19,1902896.0,Aguadilla,Puerto Rico,603.0,,
107152.0,for_sale,290000.0,3.0,2.0,0.15,117027.0,Aguadilla,Puerto Rico,603.0,2280.0,
52707.0,for_sale,550000.0,3.0,4.0,0.2,483647.0,Aguadilla,Puerto Rico,603.0,4020.0,
72457.0,for_sale,234900.0,6.0,2.0,0.18,1850808.0,Aguadilla,Puerto Rico,603.0,2035.0,
102017.0,for_sale,44720.0,,,0.18,1839304.0,Aguadilla,Puerto Rico,603.0,,
46019.0,for_sale,35000.0,,,0.4,1946284.0,Aguadilla,Puerto Rico,603.0,,
52707.0,for_sale,75000.0,,,0.4,1868632.0,Aguadilla,Puerto Rico,603.0,,
46019.0,for_sale,37000.0,,,0.42,1946165.0,Aguadilla,Puerto Rico,603.0,,
103378.0,for_sale,37359.0,,,0.22,913730.0,Aguadilla,Puerto Rico,603.0,,
102017.0,for_sale,739500.0,,,2.43,598237.0,Aguadilla,Puerto Rico,603.0,,
107152.0,for_sale,65000.0,,,0.28,595558.0,Aguadilla,Puerto Rico,603.0,,
103378.0,for_sale,56406.0,,,0.33,1667035.0,Aguadilla,Puerto Rico,603.0,,
107152.0,for_sale,620000.0,5.0,3.0,0.52,119241.0,Aguadilla,Puerto Rico,603.0,3267.0,
72457.0,for_sale,649900.0,8.0,3.0,0.19,1850840.0,Aguadilla,Puerto Rico,603.0,3700.0,
103378.0,for_sale,44995.0,,,0.26,595223.0,Aguadilla,Puerto Rico,603.0,,
103378.0,for_sale,37779.0,,,0.22,1563956.0,Aguadilla,Puerto Rico,603.0,,
103378.0,for_sale,60123.0,,,0.35,1838382.0,Aguadilla,Puerto Rico,603.0,,
103378.0,for_sale,38279.0,,,0.23,6248.0,Aguadilla,Puerto Rico,603.0,,
103378.0,for_sale,199900.0,,,11.0,1838381.0,Aguada,Puerto Rico,603.0,,
102017.0,for_sale,125000.0,,,0.22,822915.0,Aguadilla,Puerto Rico,603.0,,
52707.0,for_sale,200000.0,,,0.49,1857008.0,Aguadilla,Puerto Rico,603.0,,
102017.0,for_sale,150000.0,,,0.2,6707.0,Aguadilla,Puerto Rico,603.0,,
92147.0,for_sale,8000000.0,,,247.57,6475.0,Isabela,Puerto Rico,603.0,,
19383.0,for_sale,1000000.0,,,5.0,1850843.0,Aguadilla,Puerto Rico,603.0,,
52707.0,for_sale,695000.0,,,1.89,1902854.0,Aguadilla,Puerto Rico,603.0,,
103378.0,for_sale,98000.0,5.0,2.0,4.55,1850836.0,Maricao,Puerto Rico,606.0,2156.0,
103378.0,for_sale,55000.0,5.0,2.0,5.14,1857017.0,Maricao,Puerto Rico,606.0,2156.0,
52707.0,for_sale,75000.0,5.0,2.0,4.86,1856895.0,Maricao,Puerto Rico,606.0,1563.0,
46475.0,for_sale,80000.0,3.0,1.0,0.35,1897887.0,Maricao,Puerto Rico,606.0,915.0,
52707.0,for_sale,160000.0,,,12.25,1902838.0,Maricao,Puerto Rico,606.0,,
52464.0,for_sale,46900.0,3.0,1.0,,1757054.0,Mayaguez,Puerto Rico,680.0,982.0,
102017.0,for_sale,125000.0,8.0,5.0,0.09,436480.0,Hormigueros,Puerto Rico,660.0,2000.0,
52707.0,for_sale,95000.0,2.0,2.0,0.15,595722.0,Guanica,Puerto Rico,653.0,1393.0,
57043.0,for_sale,330000.0,3.0,2.0,1.75,1902816.0,Cabo Rojo,Puerto Rico,623.0,1620.0,
60028.0,for_sale,115000.0,3.0,2.0,0.09,1394934.0,Mayaguez,Puerto Rico,680.0,1760.0,
31239.0,for_sale,285000.0,2.0,1.0,4.74,575006.0,Cabo Rojo,Puerto Rico,623.0,1000.0,
52464.0,for_sale,215000.0,7.0,4.0,0.11,1480314.0,Mayaguez,Puerto Rico,680.0,2200.0,
61834.0,for_sale,115000.0,3.0,2.0,,962228.0,Cabo Rojo,Puerto Rico,623.0,1205.0,
87549.0,for_sale,140000.0,3.0,2.0,0.14,757729.0,Mayaguez,Puerto Rico,680.0,1200.0,
51202.0,for_sale,87000.0,3.0,1.0,0.04,13690.0,Mayaguez,Puerto Rico,682.0,,
52707.0,for_sale,250000.0,4.0,2.0,0.08,1071244.0,Cabo Rojo,Puerto Rico,623.0,3052.0,
52707.0,for_sale,70000.0,3.0,1.0,0.08,387673.0,San German,Puerto Rico,683.0,894.0,
102017.0,for_sale,190000.0,5.0,5.0,0.08,6946.0,Mayaguez,Puerto Rico,680.0,1600.0,
87549.0,for_sale,150000.0,3.0,1.0,0.07,598681.0,San German,Puerto Rico,683.0,363.0,
60831.0,for_sale,750000.0,12.0,6.0,0.52,1855338.0,Cabo Rojo,Puerto Rico,623.0,4800.0,
52707.0,for_sale,125000.0,,1.0,,939072.0,Mayaguez,Puerto Rico,682.0,390.0,
102017.0,for_sale,950000.0,9.0,8.0,0.17,1854848.0,Rincon,Puerto Rico,677.0,3852.0,
102017.0,for_sale,1200000.0,5.0,4.0,1.8,1181969.0,Aguada,Puerto Rico,677.0,6000.0,
81495.0,for_sale,495000.0,4.0,3.0,0.4,1446813.0,Lajas,Puerto Rico,667.0,6500.0,
87549.0,for_sale,90000.0,3.0,1.0,0.19,950033.0,Mayaguez,Puerto Rico,682.0,778.0,
77433.0,for_sale,395000.0,3.0,2.0,0.25,948184.0,Cabo Rojo,Puerto Rico,623.0,2800.0,
18211.0,for_sale,82000.0,1.0,1.0,,1840559.0,Mayaguez,Puerto Rico,680.0,471.0,
47983.0,for_sale,389000.0,2.0,2.0,,593379.0,Cabo Rojo,Puerto Rico,623.0,1356.0,
87549.0,for_sale,45000.0,,,0.2,1856894.0,Cabo Rojo,Puerto Rico,623.0,,
61710.0,for_sale,65000.0,,,0.26,49178.0,Cabo Rojo,Puerto Rico,623.0,,
87549.0,for_sale,80000.0,,,0.49,1855526.0,Cabo Rojo,Puerto Rico,623.0,,
87549.0,for_sale,120000.0,,,2.82,1897484.0,Cabo Rojo,Puerto Rico,623.0,,
87549.0,for_sale,70000.0,,,0.28,113181.0,Cabo Rojo,Puerto Rico,623.0,,
46019.0,for_sale,391000.0,,,20.4,10284.0,Hormigueros,Puerto Rico,660.0,,
46019.0,for_sale,160000.0,,,14.34,10282.0,Cabo Rojo,Puerto Rico,623.0,,
46019.0,for_sale,290000.0,,,16.22,10282.0,Cabo Rojo,Puerto Rico,623.0,,
46019.0,for_sale,835000.0,,,17.97,10282.0,Hormigueros,Puerto Rico,660.0,,
47983.0,for_sale,159000.0,,,0.44,1902890.0,Mayaguez,Puerto Rico,680.0,,
47983.0,for_sale,79000.0,,,0.25,1902821.0,Anasco,Puerto Rico,610.0,,
46019.0,for_sale,149900.0,3.0,2.0,0.15,6713.0,Anasco,Puerto Rico,610.0,1687.0,
48230.0,for_sale,106000.0,2.0,1.0,0.13,1966340.0,Anasco,Puerto Rico,610.0,826.0,
34632.0,for_sale,165000.0,5.0,3.0,0.11,560745.0,Anasco,Puerto Rico,610.0,2327.0,
86036.0,for_sale,499000.0,8.0,6.0,0.13,1307166.0,Anasco,Puerto Rico,610.0,,
46019.0,for_sale,140000.0,,,0.37,1667382.0,Anasco,Puerto Rico,610.0,,
46475.0,for_sale,450000.0,4.0,7.0,0.76,1793737.0,Isabela,Puerto Rico,662.0,4000.0,
96048.0,for_sale,485000.0,4.0,3.0,0.21,1446871.0,Isabela,Puerto Rico,662.0,3066.0,
52707.0,for_sale,1800000.0,6.0,3.0,0.97,1902806.0,Isabela,Puerto Rico,662.0,10000.0,
18211.0,for_sale,975000.0,6.0,4.0,16.0,1913925.0,Isabela,Puerto Rico,662.0,3739.0,
47983.0,for_sale,950000.0,4.0,2.0,0.49,6927.0,Rincon,Puerto Rico,677.0,2450.0,
47983.0,for_sale,349000.0,3.0,2.0,,1966335.0,Rincon,Puerto Rico,677.0,1688.0,
72457.0,for_sale,39900.0,3.0,1.0,,1862028.0,Arecibo,Puerto Rico,612.0,878.0,
72457.0,for_sale,29900.0,3.0,1.0,,1862027.0,Arecibo,Puerto Rico,612.0,878.0,
60830.0,for_sale,475000.0,1.0,3.0,0.13,1427607.0,Arecibo,Puerto Rico,612.0,10000.0,
60831.0,for_sale,200000.0,4.0,3.0,0.24,1946165.0,Arecibo,Puerto Rico,612.0,3413.0,
103378.0,for_sale,84900.0,4.0,2.0,0.1,1840770.0,Arecibo,Puerto Rico,612.0,,
52707.0,for_sale,148000.0,5.0,2.0,0.49,1902831.0,Arecibo,Puerto Rico,612.0,2058.0,
49592.0,for_sale,39500.0,1.0,1.0,0.14,1946165.0,Arecibo,Puerto Rico,612.0,800.0,
33888.0,for_sale,220000.0,6.0,3.0,0.45,1856978.0,Arecibo,Puerto Rico,612.0,2900.0,
52707.0,for_sale,75000.0,3.0,2.0,0.27,1856974.0,Arecibo,Puerto Rico,612.0,1100.0,
60830.0,for_sale,110000.0,4.0,2.0,0.13,1856516.0,Arecibo,Puerto Rico,612.0,1000.0,
60831.0,for_sale,150000.0,7.0,4.0,0.49,1946210.0,Arecibo,Puerto Rico,612.0,800.0,
103378.0,for_sale,69900.0,4.0,2.0,0.09,1840775.0,Arecibo,Puerto Rico,612.0,,
52707.0,for_sale,79000.0,6.0,3.0,0.09,1855343.0,Arecibo,Puerto Rico,612.0,2472.0,
52707.0,for_sale,65000.0,3.0,1.0,0.09,1856972.0,Arecibo,Puerto Rico,612.0,1044.0,
60830.0,for_sale,179000.0,5.0,3.0,0.08,1855451.0,Arecibo,Puerto Rico,612.0,2200.0,
62210.0,for_sale,145000.0,3.0,2.0,0.86,1427895.0,Arecibo,Puerto Rico,612.0,3500.0,
1589.0,for_sale,79000.0,3.0,1.0,0.13,821104.0,Arecibo,Puerto Rico,612.0,1262.0,
80224.0,for_sale,360000.0,5.0,2.0,0.42,1567105.0,Arecibo,Puerto Rico,612.0,6000.0,
29911.0,for_sale,50000.0,,,0.03,1967771.0,Arecibo,Puerto Rico,612.0,,
103378.0,for_sale,134900.0,,,0.25,1840769.0,Arecibo,Puerto Rico,612.0,1856.0,
92147.0,for_sale,94600.0,3.0,1.0,0.08,1992381.0,Arecibo,Puerto Rico,612.0,1009.0,
103378.0,for_sale,59900.0,,,0.34,1840776.0,Arecibo,Puerto Rico,612.0,,
1589.0,for_sale,239000.0,7.0,3.0,0.31,1551669.0,Arecibo,Puerto Rico,612.0,2715.0,
33888.0,for_sale,279000.0,3.0,3.0,0.19,1902853.0,Arecibo,Puerto Rico,612.0,2872.0,
52707.0,for_sale,100000.0,3.0,1.0,4.89,1900756.0,Arecibo,Puerto Rico,612.0,1028.0,
33888.0,for_sale,89000.0,,,1.48,1856938.0,Arecibo,Puerto Rico,612.0,,
40689.0,for_sale,168000.0,4.0,3.0,0.25,1902837.0,Arecibo,Puerto Rico,612.0,1600.0,
92147.0,for_sale,150000.0,3.0,2.0,0.29,1509489.0,Arecibo,Puerto Rico,612.0,1604.0,
88444.0,for_sale,60000.0,,,0.26,1850825.0,Arecibo,Puerto Rico,612.0,,
33888.0,for_sale,140000.0,8.0,2.0,0.13,918510.0,Arecibo,Puerto Rico,612.0,1500.0,
109906.0,for_sale,70000.0,2.0,1.0,0.1,1855345.0,Arecibo,Puerto Rico,612.0,680.0,
104635.0,for_sale,80000.0,3.0,1.0,0.06,982996.0,Arecibo,Puerto Rico,612.0,750.0,
38569.0,for_sale,135000.0,5.0,2.0,0.13,1437193.0,Arecibo,Puerto Rico,612.0,1500.0,
92147.0,for_sale,215000.0,3.0,3.0,0.24,1449539.0,Arecibo,Puerto Rico,612.0,2183.0,
103378.0,for_sale,42900.0,,,0.17,1855937.0,Camuy,Puerto Rico,612.0,,
103378.0,for_sale,49900.0,,,0.25,1840772.0,Arecibo,Puerto Rico,612.0,,
62210.0,for_sale,138000.0,3.0,2.0,0.25,199310.0,Arecibo,Puerto Rico,612.0,1000.0,
52707.0,for_sale,289000.0,5.0,4.0,0.2,1856979.0,Arecibo,Puerto Rico,612.0,2832.0,
62210.0,for_sale,132000.0,3.0,2.0,0.25,1725570.0,Arecibo,Puerto Rico,612.0,1000.0,
52707.0,for_sale,197000.0,4.0,4.0,0.14,1856909.0,Arecibo,Puerto Rico,612.0,1500.0,
8586.0,for_sale,1200000.0,,,0.71,1946308.0,Arecibo,Puerto Rico,612.0,,
40689.0,for_sale,185000.0,5.0,3.0,0.07,869853.0,Manati,Puerto Rico,674.0,1700.0,
33888.0,for_sale,200000.0,6.0,4.0,0.37,1855347.0,Hatillo,Puerto Rico,659.0,3400.0,
1589.0,for_sale,210000.0,3.0,2.0,0.25,913609.0,Morovis,Puerto Rico,687.0,2500.0,
92147.0,for_sale,105000.0,3.0,1.0,0.08,1869494.0,Manati,Puerto Rico,674.0,921.0,
103379.0,for_sale,113600.0,3.0,1.0,0.07,1837500.0,Manati,Puerto Rico,674.0,800.0,
103378.0,for_sale,174900.0,3.0,2.0,0.08,1985068.0,Barceloneta,Puerto Rico,617.0,1195.0,
60831.0,for_sale,3000000.0,,6.0,1.38,1836183.0,Quebradillas,Puerto Rico,678.0,3000.0,
103379.0,for_sale,134000.0,3.0,2.0,0.07,733378.0,Vega Baja,Puerto Rico,693.0,895.0,
65672.0,for_sale,245000.0,4.0,2.0,0.25,867517.0,Vega Baja,Puerto Rico,693.0,2038.0,
59533.0,for_sale,161000.0,4.0,2.0,0.09,435967.0,Caguas,Puerto Rico,727.0,1100.0,
52707.0,for_sale,225000.0,3.0,2.0,,1881195.0,Vega Baja,Puerto Rico,693.0,1217.0,
92147.0,for_sale,290000.0,4.0,2.0,0.22,1868675.0,Manati,Puerto Rico,674.0,2236.0,
109906.0,for_sale,375000.0,4.0,3.0,0.21,1854739.0,Barceloneta,Puerto Rico,617.0,2961.0,
1123.0,for_sale,425000.0,3.0,2.0,0.21,1856906.0,Camuy,Puerto Rico,627.0,2400.0,
52707.0,for_sale,1100000.0,5.0,3.0,0.56,1120998.0,Quebradillas,Puerto Rico,678.0,3000.0,
62210.0,for_sale,418000.0,5.0,3.0,0.22,2402.0,Hatillo,Puerto Rico,659.0,3650.0,
52707.0,for_sale,365000.0,5.0,3.0,1.46,1902830.0,Morovis,Puerto Rico,687.0,2366.0,
33888.0,for_sale,55000.0,,,0.2,1902872.0,Hatillo,Puerto Rico,659.0,,
33888.0,for_sale,62000.0,,,0.21,1902871.0,Hatillo,Puerto Rico,659.0,,
80224.0,for_sale,350000.0,,,10.68,1902881.0,Hatillo,Puerto Rico,659.0,,
92147.0,for_sale,95000.0,5.0,2.0,0.16,151105.0,Quebradillas,Puerto Rico,95000.0,1757.0,
103378.0,for_sale,64900.0,,,0.29,1850837.0,Camuy,Puerto Rico,627.0,,
103378.0,for_sale,49900.0,3.0,2.0,0.27,1861976.0,Barceloneta,Puerto Rico,617.0,1150.0,
60027.0,for_sale,70000.0,3.0,1.0,0.05,1877370.0,Barceloneta,Puerto Rico,617.0,,
103378.0,for_sale,90000.0,2.0,2.0,0.09,1844124.0,Barceloneta,Puerto Rico,617.0,955.0,
103378.0,for_sale,111000.0,3.0,2.0,0.08,1985086.0,Barceloneta,Puerto Rico,617.0,1015.0,
103378.0,for_sale,114400.0,3.0,2.0,0.09,1855327.0,Barceloneta,Puerto Rico,617.0,1105.0,
103378.0,for_sale,113500.0,3.0,2.0,0.14,1967757.0,Barceloneta,Puerto Rico,617.0,955.0,
19801.0,for_sale,59200.0,2.0,1.0,0.08,594668.0,Dorado,Puerto Rico,646.0,700.0,
1205.0,for_sale,63800.0,3.0,1.0,0.07,13692.0,Toa Baja,Puerto Rico,949.0,950.0,
86129.0,for_sale,45000.0,3.0,2.0,0.09,1168757.0,Toa Alta,Puerto Rico,953.0,1000.0,
19801.0,for_sale,55000.0,2.0,2.0,0.11,1913914.0,Dorado,Puerto Rico,646.0,800.0,
19801.0,for_sale,100000.0,5.0,3.0,0.61,1547175.0,Vega Alta,Puerto Rico,692.0,1400.0,
81909.0,for_sale,80000.0,4.0,2.0,0.19,1584559.0,Corozal,Puerto Rico,783.0,1500.0,
81909.0,for_sale,55000.0,2.0,2.0,1.22,1913924.0,Naranjito,Puerto Rico,719.0,1500.0,
52707.0,for_sale,157500.0,4.0,2.0,0.08,377951.0,Toa Alta,Puerto Rico,953.0,1650.0,
28817.0,for_sale,2000000.0,3.0,3.0,0.19,780900.0,Dorado,Puerto Rico,646.0,3500.0,
102909.0,for_sale,11500000.0,4.0,5.0,1.98,974575.0,Dorado,Puerto Rico,646.0,7000.0,
64069.0,for_sale,3500000.0,4.0,4.0,0.24,595727.0,Dorado,Puerto Rico,646.0,2500.0,
52707.0,for_sale,270000.0,3.0,3.0,0.3,1879198.0,Toa Alta,Puerto Rico,953.0,2400.0,
102909.0,for_sale,5000000.0,3.0,4.0,0.99,388280.0,Dorado,Puerto Rico,646.0,3500.0,
1205.0,for_sale,25000.0,,,0.15,12674.0,Toa Alta,Puerto Rico,953.0,,
33842.0,for_sale,172000.0,6.0,4.0,0.2,1940307.0,Naranjito,Puerto Rico,719.0,1880.0,
81909.0,for_sale,65000.0,6.0,4.0,0.1,397849.0,Toa Alta,Puerto Rico,953.0,2600.0,
3606.0,for_sale,1325000.0,4.0,3.0,0.19,600545.0,Dorado,Puerto Rico,646.0,2500.0,
102909.0,for_sale,625000.0,3.0,2.0,,5095.0,Vega Alta,Puerto Rico,692.0,2096.0,
3606.0,for_sale,465000.0,3.0,2.0,0.27,1609595.0,Dorado,Puerto Rico,646.0,2200.0,
102909.0,for_sale,575000.0,3.0,3.0,0.52,652522.0,Dorado,Puerto Rico,646.0,1500.0,
29325.0,for_sale,1100000.0,4.0,3.0,0.14,1484017.0,Dorado,Puerto Rico,646.0,3500.0,
46667.0,for_sale,550000.0,3.0,2.0,0.1,1837660.0,Dorado,Puerto Rico,646.0,1800.0,
8688.0,for_sale,895000.0,4.0,3.0,0.12,1947221.0,Dorado,Puerto Rico,646.0,2490.0,
37634.0,for_sale,495000.0,3.0,2.0,,1946328.0,Vega Alta,Puerto Rico,646.0,1564.0,
18214.0,for_sale,635000.0,3.0,2.0,0.07,6119.0,Vega Alta,Puerto Rico,692.0,2100.0,
102909.0,for_sale,1125000.0,2.0,2.0,,1854725.0,Dorado,Puerto Rico,646.0,1172.0,
31239.0,for_sale,97000.0,1.0,2.0,,1988142.0,Cabo Rojo,Puerto Rico,622.0,900.0,
87549.0,for_sale,134000.0,3.0,1.0,0.08,1902722.0,Cabo Rojo,Puerto Rico,622.0,900.0,
48392.0,for_sale,365000.0,4.0,2.0,0.25,1139967.0,Cabo Rojo,Puerto Rico,622.0,2800.0,
31239.0,for_sale,260000.0,3.0,2.0,0.2,1645160.0,Cabo Rojo,Puerto Rico,622.0,2214.0,
49045.0,for_sale,75000.0,,,0.19,1856947.0,Boqueron,Puerto Rico,622.0,,
109906.0,for_sale,460000.0,4.0,2.0,0.22,1450082.0,Cabo Rojo,Puerto Rico,622.0,3328.0,
102017.0,for_sale,250000.0,,,0.99,268562.0,Cabo Rojo,Puerto Rico,622.0,,
61834.0,for_sale,1321000.0,,,10.29,1917469.0,Cabo Rojo,Puerto Rico,622.0,,
103378.0,for_sale,63000.0,4.0,2.0,0.48,1888053.0,Hormigueros,Puerto Rico,660.0,1233.0,
87549.0,for_sale,75000.0,3.0,2.0,0.12,1819530.0,Mayaguez,Puerto Rico,680.0,1200.0,
52707.0,for_sale,325000.0,5.0,5.0,0.19,1879192.0,Cabo Rojo,Puerto Rico,623.0,4000.0,
103378.0,for_sale,499900.0,4.0,2.0,10.76,2000888.0,Yauco,Puerto Rico,698.0,,
87549.0,for_sale,101800.0,3.0,2.0,0.07,1879216.0,Cabo Rojo,Puerto Rico,623.0,1000.0,
87549.0,for_sale,25000.0,1.0,1.0,0.12,962678.0,Cabo Rojo,Puerto Rico,623.0,491.0,
52707.0,for_sale,205000.0,3.0,3.0,0.27,1002452.0,Guanica,Puerto Rico,653.0,976.0,
102017.0,for_sale,135000.0,4.0,2.0,0.12,198778.0,Hormigueros,Puerto Rico,660.0,1163.0,
87549.0,for_sale,104000.0,3.0,2.0,0.08,1311508.0,Mayaguez,Puerto Rico,682.0,1175.0,
52707.0,for_sale,275000.0,3.0,2.0,0.97,1902773.0,Lajas,Puerto Rico,667.0,1200.0,
81495.0,for_sale,182000.0,,,1.4,1902859.0,Cabo Rojo,Puerto Rico,623.0,,
78414.0,for_sale,1400000.0,,,6.44,1902832.0,Cabo Rojo,Puerto Rico,623.0,,
52707.0,for_sale,155000.0,,,5.78,1902829.0,San German,Puerto Rico,683.0,,
77601.0,for_sale,115000.0,,,0.42,1009987.0,Cabo Rojo,Puerto Rico,636.0,,
52707.0,for_sale,100000.0,3.0,2.0,0.12,1193340.0,Cabo Rojo,Puerto Rico,623.0,1044.0,
52707.0,for_sale,75000.0,3.0,1.0,0.03,1104886.0,Cabo Rojo,Puerto Rico,623.0,980.0,
87549.0,for_sale,122000.0,4.0,2.0,0.19,521774.0,Cabo Rojo,Puerto Rico,623.0,1400.0,
88444.0,for_sale,150000.0,3.0,1.0,0.16,1837366.0,Cabo Rojo,Puerto Rico,623.0,936.0,
31238.0,for_sale,325000.0,3.0,4.0,0.23,1917857.0,Cabo Rojo,Puerto Rico,623.0,3089.0,
101.0,for_sale,130000.0,3.0,4.0,0.09,560375.0,Cabo Rojo,Puerto Rico,623.0,2064.0,
72457.0,for_sale,139900.0,2.0,2.0,0.46,34931.0,Cabo Rojo,Puerto Rico,623.0,1242.0,
49045.0,for_sale,395000.0,8.0,5.0,0.48,58866.0,Cabo Rojo,Puerto Rico,623.0,8368.0,
65773.0,for_sale,375000.0,5.0,4.0,0.22,387597.0,Cabo Rojo,Puerto Rico,623.0,2700.0,
52707.0,for_sale,2500000.0,6.0,8.0,9.65,1856949.0,Cabo Rojo,Puerto Rico,623.0,10244.0,
48230.0,for_sale,385000.0,3.0,3.0,0.26,1855340.0,Cabo Rojo,Puerto Rico,623.0,2069.0,
87549.0,for_sale,600000.0,8.0,7.0,0.43,1842699.0,Cabo Rojo,Puerto Rico,623.0,3192.0,
77601.0,for_sale,195000.0,2.0,2.0,,6938.0,Cabo Rojo,Puerto Rico,623.0,1377.0,
48230.0,for_sale,1995000.0,5.0,6.0,5.0,1946165.0,Cabo Rojo,Puerto Rico,623.0,10000.0,
30740.0,for_sale,220000.0,1.0,1.0,,1940313.0,Cabo Rojo,Puerto Rico,623.0,736.0,
88444.0,for_sale,81500.0,,,0.4,1850804.0,Cabo Rojo,Puerto Rico,623.0,,
52707.0,for_sale,3000000.0,6.0,6.0,7.8,1906150.0,Cabo Rojo,Puerto Rico,623.0,8000.0,
87549.0,for_sale,54000.0,,,0.73,1016110.0,Cabo Rojo,Puerto Rico,623.0,,
46019.0,for_sale,275000.0,,,3.57,1946165.0,Cabo Rojo,Puerto Rico,623.0,,
87549.0,for_sale,950000.0,,,112.66,1902817.0,Cabo Rojo,Puerto Rico,623.0,,
81909.0,for_sale,375000.0,,,0.52,196589.0,Cabo Rojo,Puerto Rico,623.0,,
31238.0,for_sale,840000.0,,,0.96,1946165.0,Cabo Rojo,Puerto Rico,623.0,,
85121.0,for_sale,375000.0,,,0.51,1902867.0,Cabo Rojo,Puerto Rico,623.0,,
3763.0,for_sale,70000.0,3.0,1.0,0.04,1884194.0,Penuelas,Puerto Rico,624.0,913.0,
83881.0,for_sale,799000.0,5.0,3.0,0.49,1837520.0,Penuelas,Puerto Rico,624.0,2500.0,
103378.0,for_sale,74500.0,3.0,1.0,0.08,1899174.0,Penuelas,Puerto Rico,624.0,917.0,
103378.0,for_sale,70000.0,3.0,2.0,0.09,795443.0,San Sebastian,Puerto Rico,685.0,1120.0,
67333.0,for_sale,85000.0,3.0,2.0,0.08,1868706.0,Ponce,Puerto Rico,728.0,1500.0,
103378.0,for_sale,69900.0,3.0,3.0,0.23,1857025.0,Utuado,Puerto Rico,641.0,1326.0,
1589.0,for_sale,330000.0,3.0,2.0,0.97,1757696.0,Hatillo,Puerto Rico,659.0,2111.0,
52707.0,for_sale,145000.0,3.0,2.0,,1922060.0,Ponce,Puerto Rico,716.0,1296.0,
81909.0,for_sale,135000.0,3.0,2.0,,466228.0,Carolina,Puerto Rico,987.0,1248.0,
1589.0,for_sale,40000.0,,,0.99,597289.0,Utuado,Puerto Rico,641.0,,
60831.0,for_sale,329000.0,,,1.42,1842205.0,Utuado,Puerto Rico,641.0,,
60622.0,for_sale,69500.0,3.0,1.0,0.04,1308651.0,Camuy,Puerto Rico,627.0,1460.0,
60830.0,for_sale,135000.0,4.0,3.0,0.24,1856515.0,Camuy,Puerto Rico,627.0,1500.0,
87549.0,for_sale,74000.0,3.0,1.0,0.38,1902878.0,Camuy,Puerto Rico,627.0,900.0,
33888.0,for_sale,109000.0,3.0,1.0,1.94,1898056.0,Camuy,Puerto Rico,627.0,1400.0,
87549.0,for_sale,168100.0,3.0,3.0,0.13,1239373.0,Camuy,Puerto Rico,627.0,1300.0,
52464.0,for_sale,110000.0,3.0,1.0,0.1,1855935.0,Camuy,Puerto Rico,627.0,800.0,
75124.0,for_sale,250000.0,,,7.8,1951682.0,Camuy,Puerto Rico,627.0,,
46019.0,for_sale,55000.0,,,0.27,1913916.0,Camuy,Puerto Rico,627.0,,
46019.0,for_sale,50000.0,,,0.25,1913913.0,Camuy,Puerto Rico,627.0,,
52707.0,for_sale,305000.0,,,9.43,1880725.0,Camuy,Puerto Rico,627.0,,
33888.0,for_sale,145000.0,,,2.52,1308649.0,Camuy,Puerto Rico,627.0,,
102017.0,for_sale,90000.0,,,0.55,1966325.0,Camuy,Puerto Rico,627.0,,
60622.0,for_sale,105000.0,,,0.47,1855420.0,Camuy,Puerto Rico,627.0,,
80224.0,for_sale,85000.0,,,0.67,11032.0,Camuy,Puerto Rico,627.0,,
31239.0,for_sale,130000.0,3.0,2.0,0.1,1946163.0,Sabana Grande,Puerto Rico,637.0,1290.0,
31238.0,for_sale,300000.0,8.0,4.0,0.45,1946165.0,Sabana Grande,Puerto Rico,637.0,2852.0,
75895.0,for_sale,54900.0,5.0,2.0,1.21,1007137.0,Sabana Grande,Puerto Rico,637.0,1898.0,
16802.0,for_sale,250000.0,2.0,1.0,0.2,212525.0,Sabana Grande,Puerto Rico,637.0,1275.0,
108122.0,for_sale,435000.0,3.0,3.0,0.36,2396.0,Sabana Grande,Puerto Rico,637.0,20132.0,
104659.0,for_sale,80000.0,,,0.15,1971881.0,Sabana Grande,Puerto Rico,637.0,,
12434.0,for_sale,575000.0,,,262.0,6070.0,Sabana Grande,Puerto Rico,637.0,,
103379.0,for_sale,89000.0,3.0,2.0,1.17,603617.0,Ciales,Puerto Rico,638.0,1000.0,
52707.0,for_sale,275000.0,3.0,2.0,1.48,370572.0,Ciales,Puerto Rico,638.0,1820.0,
81909.0,for_sale,65000.0,3.0,2.0,0.1,1837550.0,Ciales,Puerto Rico,638.0,1100.0,
52707.0,for_sale,225000.0,4.0,3.0,2.23,1902765.0,Ciales,Puerto Rico,638.0,3344.0,
109906.0,for_sale,98000.0,3.0,1.0,1.16,1902892.0,Ciales,Puerto Rico,638.0,1100.0,
1205.0,for_sale,55000.0,3.0,2.0,0.09,654886.0,Ciales,Puerto Rico,638.0,1092.0,
85121.0,for_sale,65000.0,3.0,2.0,0.09,1908246.0,Ciales,Puerto Rico,638.0,1100.0,
108671.0,for_sale,23000.0,,,0.2,1856913.0,Ciales,Puerto Rico,638.0,,
108671.0,for_sale,65000.0,,,1.94,1856912.0,Ciales,Puerto Rico,638.0,,
52707.0,for_sale,290000.0,,,50.26,1902864.0,Ciales,Puerto Rico,638.0,,
108671.0,for_sale,47000.0,,,0.68,1856914.0,Ciales,Puerto Rico,638.0,,
92147.0,for_sale,106700.0,3.0,2.0,0.97,332814.0,Utuado,Puerto Rico,641.0,1205.0,
52707.0,for_sale,180000.0,3.0,2.0,10.44,130075.0,Utuado,Puerto Rico,641.0,1251.0,
60831.0,for_sale,550000.0,6.0,3.0,28.17,1946165.0,Utuado,Puerto Rico,641.0,5000.0,
49909.0,for_sale,70000.0,2.0,1.0,0.22,1395377.0,Utuado,Puerto Rico,641.0,845.0,
105192.0,for_sale,198500.0,4.0,2.0,2.91,1902820.0,Utuado,Puerto Rico,641.0,1000.0,
60830.0,for_sale,75000.0,5.0,3.0,0.1,569131.0,Utuado,Puerto Rico,641.0,950.0,
52707.0,for_sale,219900.0,4.0,2.0,2.06,1902833.0,Utuado,Puerto Rico,641.0,1100.0,
1502.0,for_sale,95000.0,3.0,2.0,0.86,1856897.0,Utuado,Puerto Rico,641.0,1700.0,
1502.0,for_sale,99000.0,13.0,4.0,0.2,655097.0,Utuado,Puerto Rico,641.0,600.0,
60831.0,for_sale,75000.0,3.0,1.0,0.28,1946304.0,Utuado,Puerto Rico,641.0,781.0,
60830.0,for_sale,600000.0,6.0,3.0,30.0,1946303.0,Utuado,Puerto Rico,641.0,5000.0,
60830.0,for_sale,120000.0,3.0,1.0,0.26,1946327.0,Utuado,Puerto Rico,641.0,781.0,
62210.0,for_sale,108000.0,4.0,1.0,0.94,1670695.0,Utuado,Puerto Rico,641.0,13818.0,
60831.0,for_sale,550000.0,,,135.0,1946206.0,Utuado,Puerto Rico,641.0,,
60830.0,for_sale,200000.0,,,18.66,1946206.0,Utuado,Puerto Rico,641.0,,
1502.0,for_sale,69995.0,,,2.91,1856896.0,Utuado,Puerto Rico,641.0,,
1589.0,for_sale,60000.0,,,1.96,1138118.0,Utuado,Puerto Rico,641.0,,
60830.0,for_sale,550000.0,,,139.0,1946165.0,Utuado,Puerto Rico,641.0,,
82827.0,for_sale,12000000.0,4.0,7.0,0.37,1189423.0,Dorado,Puerto Rico,646.0,7096.0,
2050.0,for_sale,750000.0,3.0,3.0,0.24,1563413.0,Dorado,Puerto Rico,646.0,2377.0,
55665.0,for_sale,550000.0,3.0,3.0,0.16,1858417.0,Dorado,Puerto Rico,646.0,2000.0,
55665.0,for_sale,950000.0,4.0,3.0,0.14,1559180.0,Dorado,Puerto Rico,646.0,2850.0,
16782.0,for_sale,1150000.0,5.0,3.0,0.14,1561183.0,Dorado,Puerto Rico,646.0,3500.0,
33447.0,for_sale,5500000.0,3.0,2.0,0.24,1052081.0,Dorado,Puerto Rico,646.0,2000.0,
77432.0,for_sale,16000000.0,4.0,7.0,0.75,955260.0,Dorado,Puerto Rico,646.0,7000.0,
26006.0,for_sale,995000.0,4.0,3.0,0.25,1647493.0,Dorado,Puerto Rico,646.0,2900.0,
7922.0,for_sale,595000.0,2.0,2.0,,1940276.0,Dorado,Puerto Rico,646.0,1155.0,
26006.0,for_sale,1275000.0,4.0,4.0,0.25,1644677.0,Dorado,Puerto Rico,646.0,2900.0,
7832.0,for_sale,1135000.0,4.0,3.0,0.15,1555726.0,Dorado,Puerto Rico,646.0,2850.0,
16782.0,for_sale,4995000.0,3.0,4.0,0.22,600936.0,Dorado,Puerto Rico,646.0,3100.0,
55665.0,for_sale,2500000.0,4.0,4.0,0.25,870230.0,Dorado,Puerto Rico,646.0,3509.0,
61776.0,for_sale,5950000.0,3.0,5.0,0.23,834192.0,Dorado,Puerto Rico,646.0,3200.0,
7832.0,for_sale,2849000.0,4.0,5.0,0.21,1136712.0,Dorado,Puerto Rico,646.0,5000.0,
105192.0,for_sale,850000.0,4.0,2.0,0.21,1222456.0,Dorado,Puerto Rico,646.0,999.0,
16782.0,for_sale,6495000.0,4.0,4.0,0.15,914459.0,Dorado,Puerto Rico,646.0,6703.0,
72456.0,for_sale,1300000.0,7.0,4.0,,1463669.0,Dorado,Puerto Rico,646.0,2767.0,
46788.0,for_sale,6350000.0,3.0,4.0,0.06,1944846.0,Dorado,Puerto Rico,646.0,2500.0,
34000.0,for_sale,300000.0,4.0,4.0,0.07,,Dorado,Puerto Rico,646.0,3090.0,
48921.0,for_sale,5900000.0,3.0,4.0,0.09,1521217.0,Dorado,Puerto Rico,646.0,3914.0,
72728.0,for_sale,1775000.0,4.0,3.0,0.23,1318672.0,Dorado,Puerto Rico,646.0,3337.0,
61776.0,for_sale,1795000.0,4.0,4.0,0.23,1189361.0,Dorado,Puerto Rico,646.0,2900.0,
49555.0,for_sale,4600000.0,3.0,3.0,,1628662.0,Dorado,Puerto Rico,646.0,3095.0,
7922.0,for_sale,1500000.0,3.0,3.0,13.65,1884217.0,Dorado,Puerto Rico,646.0,1942.0,
61776.0,for_sale,3950000.0,7.0,6.0,0.26,809994.0,Dorado,Puerto Rico,646.0,4800.0,
78468.0,for_sale,1250000.0,6.0,4.0,,1941881.0,Dorado,Puerto Rico,646.0,1495.0,
16782.0,for_sale,3995000.0,,,0.47,1977870.0,Dorado,Puerto Rico,646.0,,
92147.0,for_sale,97900.0,4.0,2.0,0.51,1567906.0,Hatillo,Puerto Rico,659.0,1641.0,
62066.0,for_sale,58000.0,3.0,1.0,0.05,965293.0,Ponce,Puerto Rico,,790.0,
103378.0,for_sale,144900.0,4.0,4.0,0.2,597273.0,Hatillo,Puerto Rico,685.0,1760.0,
61710.0,for_sale,265000.0,3.0,3.0,2.91,1902735.0,Moca,Puerto Rico,676.0,2485.0,
3763.0,for_sale,99000.0,3.0,1.0,0.15,734101.0,Juana Diaz,Puerto Rico,795.0,800.0,
52270.0,for_sale,76900.0,3.0,2.0,,1873083.0,Canovanas,Puerto Rico,729.0,1200.0,2020-02-28
52707.0,for_sale,95000.0,3.0,1.0,0.1,918508.0,Ponce,Puerto Rico,728.0,1100.0,
62210.0,for_sale,245000.0,4.0,3.0,0.22,1839307.0,Camuy,Puerto Rico,678.0,900.0,
92147.0,for_sale,25000.0,,,1.07,1009906.0,Lares,Puerto Rico,669.0,,
9664.0,for_sale,289000.0,,,65.07,597274.0,Arecibo,Puerto Rico,612.0,,
102017.0,for_sale,28000.0,,,0.14,595781.0,Moca,Puerto Rico,676.0,,
52707.0,for_sale,325000.0,,,4.22,263847.0,Lares,Puerto Rico,669.0,,
52707.0,for_sale,103000.0,,,0.6,1855342.0,Ponce,Puerto Rico,717.0,,
61710.0,for_sale,1000000.0,,,0.71,1856915.0,Villalba,Puerto Rico,766.0,,
31239.0,for_sale,225000.0,3.0,3.0,0.72,782285.0,Ponce,Puerto Rico,731.0,2460.0,
92147.0,for_sale,119000.0,3.0,2.0,0.08,113181.0,Juana Diaz,Puerto Rico,795.0,1084.0,
103378.0,for_sale,97000.0,4.0,2.0,0.35,1946160.0,Juana Diaz,Puerto Rico,795.0,1918.0,
81909.0,for_sale,210000.0,4.0,3.0,5.05,1902767.0,Ponce,Puerto Rico,730.0,1520.0,
3633.0,for_sale,67600.0,4.0,1.0,0.8,1758795.0,Ponce,Puerto Rico,731.0,921.0,
52707.0,for_sale,102900.0,3.0,1.0,0.09,1826163.0,Juana Diaz,Puerto Rico,795.0,870.0,
92147.0,for_sale,121000.0,3.0,2.0,0.22,1241895.0,San Sebastian,Puerto Rico,685.0,1134.0,
52707.0,for_sale,81000.0,4.0,2.0,0.15,1856963.0,Lares,Puerto Rico,669.0,1597.0,
103378.0,for_sale,84900.0,3.0,2.0,0.08,1985075.0,Ponce,Puerto Rico,731.0,1250.0,
74819.0,for_sale,99000.0,5.0,2.0,0.25,413713.0,Ponce,Puerto Rico,728.0,2283.0,
52707.0,for_sale,120000.0,3.0,2.0,0.09,1903696.0,Jayuya,Puerto Rico,664.0,1100.0,
103378.0,for_sale,106000.0,3.0,2.0,0.04,1985090.0,Ponce,Puerto Rico,731.0,1547.0,
52707.0,for_sale,225000.0,4.0,2.0,0.2,1884228.0,Coamo,Puerto Rico,769.0,1700.0,
103378.0,for_sale,74000.0,3.0,2.0,0.04,1985088.0,Ponce,Puerto Rico,731.0,980.0,
52707.0,for_sale,85000.0,3.0,1.0,0.12,151181.0,Hatillo,Puerto Rico,659.0,930.0,
3633.0,for_sale,54000.0,3.0,1.0,0.68,1565797.0,Ponce,Puerto Rico,730.0,905.0,
49909.0,for_sale,65000.0,3.0,1.0,0.04,603596.0,Ponce,Puerto Rico,716.0,1025.0,
3633.0,for_sale,126600.0,2.0,2.0,0.25,347753.0,Ponce,Puerto Rico,730.0,1004.0,
31239.0,for_sale,349900.0,6.0,5.0,0.27,1255530.0,Ponce,Puerto Rico,717.0,3953.0,
92147.0,for_sale,99000.0,3.0,1.0,0.11,1897240.0,Lares,Puerto Rico,669.0,870.0,
87549.0,for_sale,67000.0,3.0,2.0,0.11,1916183.0,Yauco,Puerto Rico,698.0,1000.0,
103378.0,for_sale,121500.0,4.0,1.0,0.11,1985091.0,Ponce,Puerto Rico,731.0,1562.0,
52707.0,for_sale,17850.0,,,0.72,1856962.0,San Sebastian,Puerto Rico,685.0,,
102017.0,for_sale,115000.0,3.0,2.0,0.25,1850850.0,San Sebastian,Puerto Rico,685.0,875.0,
25119.0,for_sale,295000.0,5.0,3.0,2.43,1888384.0,Juana Diaz,Puerto Rico,795.0,2625.0,
46667.0,for_sale,299000.0,4.0,2.0,0.09,1951672.0,Trujillo Alto,Puerto Rico,976.0,1700.0,
52707.0,for_sale,250000.0,8.0,7.0,0.09,232978.0,Ponce,Puerto Rico,730.0,4036.0,
52707.0,for_sale,50000.0,,,0.67,1902805.0,San Sebastian,Puerto Rico,685.0,,
103378.0,for_sale,119900.0,,,11.0,1840771.0,Arecibo,Puerto Rico,612.0,,
52707.0,for_sale,42000.0,,,0.3,1856964.0,Isabela,Puerto Rico,685.0,,
81909.0,for_sale,40000.0,,,0.33,1966333.0,Santa Isabel,Puerto Rico,757.0,,
92147.0,for_sale,236500.0,,,204.51,129949.0,Lares,Puerto Rico,669.0,,
103378.0,for_sale,50000.0,,,0.25,1889893.0,Hatillo,Puerto Rico,659.0,,
33888.0,for_sale,50000.0,,,0.21,1842726.0,Hatillo,Puerto Rico,659.0,,
48586.0,for_sale,40000.0,,,0.15,1962544.0,Aguadilla,Puerto Rico,603.0,,
107152.0,for_sale,195000.0,3.0,2.0,0.28,1966332.0,Aguadilla,Puerto Rico,603.0,2000.0,
107152.0,for_sale,200000.0,3.0,2.0,0.22,6709.0,Aguadilla,Puerto Rico,603.0,1895.0,
108464.0,for_sale,4000000.0,,,100.0,1946223.0,Aguadilla,Puerto Rico,603.0,,
46019.0,for_sale,95000.0,6.0,2.0,0.11,385227.0,Hormigueros,Puerto Rico,660.0,2914.0,
52464.0,for_sale,295000.0,3.0,2.0,0.12,1844373.0,Rincon,Puerto Rico,677.0,2000.0,
52707.0,for_sale,128000.0,3.0,2.0,0.1,1884180.0,Hormigueros,Puerto Rico,660.0,1100.0,
46019.0,for_sale,78000.0,,,0.62,1854836.0,Rincon,Puerto Rico,677.0,,
107152.0,for_sale,195000.0,3.0,2.0,0.19,1856968.0,Isabela,Puerto Rico,662.0,1800.0,
102017.0,for_sale,50000.0,,,0.25,166252.0,Rincon,Puerto Rico,677.0,,
102017.0,for_sale,275000.0,,,6.77,914058.0,Rincon,Puerto Rico,677.0,,
52707.0,for_sale,290000.0,,,87.41,1363444.0,Mayaguez,Puerto Rico,680.0,,
61834.0,for_sale,350000.0,,,38.54,1857024.0,Cabo Rojo,Puerto Rico,623.0,,
102017.0,for_sale,208799.0,,,0.52,1875948.0,Rincon,Puerto Rico,677.0,,
102017.0,for_sale,219300.0,,,0.54,1179829.0,Rincon,Puerto Rico,677.0,,
102017.0,for_sale,2000000.0,,,47.0,6708.0,Rincon,Puerto Rico,677.0,,
88086.0,for_sale,81900.0,,,0.1,196143.0,Arecibo,Puerto Rico,612.0,,
50999.0,for_sale,147600.0,3.0,3.0,0.22,6321.0,Arecibo,Puerto Rico,612.0,2673.0,
103378.0,for_sale,109000.0,4.0,2.0,0.22,1844377.0,Arecibo,Puerto Rico,612.0,2760.0,
50999.0,for_sale,73000.0,3.0,1.0,0.08,8850.0,Arecibo,Puerto Rico,612.0,785.0,
71837.0,for_sale,135000.0,,,18.0,553868.0,Arecibo,Puerto Rico,612.0,,
60622.0,for_sale,78000.0,3.0,1.0,0.25,1854803.0,Arecibo,Puerto Rico,612.0,1403.0,
108464.0,for_sale,4700000.0,,,235.0,1946209.0,Arecibo,Puerto Rico,612.0,,
1589.0,for_sale,270000.0,,,6.21,915601.0,Arecibo,Puerto Rico,612.0,,
108464.0,for_sale,4475000.0,,,179.0,1946323.0,Arecibo,Puerto Rico,612.0,,
52707.0,for_sale,39000.0,,,0.97,1902748.0,Arecibo,Puerto Rico,612.0,,
47940.0,for_sale,81900.0,6.0,4.0,,196144.0,Arecibo,Puerto Rico,612.0,2200.0,
80224.0,for_sale,50000.0,,,0.2,1966331.0,Arecibo,Puerto Rico,612.0,,
80224.0,for_sale,50000.0,,,0.2,1966329.0,Arecibo,Puerto Rico,612.0,,
103378.0,for_sale,69000.0,3.0,2.0,0.08,1985069.0,Arecibo,Puerto Rico,612.0,1050.0,
103378.0,for_sale,65000.0,,,0.24,1840773.0,Arecibo,Puerto Rico,612.0,,
92147.0,for_sale,95000.0,2.0,1.0,,596191.0,Hatillo,Puerto Rico,612.0,940.0,
103378.0,for_sale,63500.0,,,0.23,1840774.0,Arecibo,Puerto Rico,612.0,,
107152.0,for_sale,195000.0,4.0,2.0,0.2,1667519.0,Isabela,Puerto Rico,662.0,1933.0,
92147.0,for_sale,62000.0,4.0,2.0,0.36,1245912.0,Vega Baja,Puerto Rico,693.0,,
92147.0,for_sale,125000.0,3.0,2.0,0.08,14751.0,Manati,Puerto Rico,674.0,1086.0,
1205.0,for_sale,77000.0,4.0,2.0,0.11,398184.0,Vega Baja,Puerto Rico,693.0,1688.0,
49608.0,for_sale,82000.0,3.0,1.0,,1843332.0,Vega Baja,Puerto Rico,693.0,748.0,
103378.0,for_sale,299900.0,4.0,2.0,0.11,1985087.0,Hatillo,Puerto Rico,659.0,2327.0,
52707.0,for_sale,28000.0,,,0.12,1902836.0,Florida,Puerto Rico,650.0,,
52707.0,for_sale,225000.0,,,8.54,418957.0,Morovis,Puerto Rico,687.0,,
103379.0,for_sale,75200.0,3.0,1.0,0.09,1837493.0,Vega Baja,Puerto Rico,693.0,1000.0,
33888.0,for_sale,160000.0,,,0.49,1902787.0,Hatillo,Puerto Rico,659.0,,
33888.0,for_sale,119000.0,,,1.29,1760944.0,Hatillo,Puerto Rico,659.0,,
99732.0,for_sale,497000.0,,,,1902842.0,Arecibo,Puerto Rico,652.0,,
60622.0,for_sale,89000.0,,,0.22,1855430.0,Quebradillas,Puerto Rico,678.0,,
108243.0,sold,539000.0,3.0,2.0,0.42,1115993.0,West Richland,Washington,99353.0,1968.0,2021-11-18
18208.0,sold,125000.0,,,0.42,1482127.0,West Richland,Washington,99353.0,,2021-12-20
68277.0,sold,614990.0,5.0,3.0,0.49,1185364.0,West Richland,Washington,99353.0,2610.0,2021-12-20
44652.0,sold,310000.0,3.0,2.0,0.26,125108.0,West Richland,Washington,99353.0,1493.0,2021-12-17
108243.0,sold,605000.0,4.0,3.0,0.24,1587987.0,West Richland,Washington,99353.0,2229.0,2021-12-16
44652.0,sold,419900.0,3.0,2.0,0.32,1419684.0,West Richland,Washington,99353.0,1802.0,2021-12-16
76856.0,sold,250000.0,,,2.5,1954833.0,West Richland,Washington,99353.0,,2021-12-16
86230.0,sold,380000.0,2.0,2.0,0.27,829697.0,West Richland,Washington,99353.0,1500.0,2021-12-15
16235.0,sold,689900.0,4.0,3.0,0.31,1553175.0,West Richland,Washington,99353.0,3219.0,2021-12-15
23009.0,sold,671850.0,3.0,3.0,0.28,1596093.0,West Richland,Washington,99353.0,2460.0,2022-01-28
33745.0,sold,218000.0,2.0,1.0,0.04,1365909.0,West Richland,Washington,99353.0,951.0,2022-03-31
78878.0,sold,430000.0,3.0,2.0,0.23,1419491.0,West Richland,Washington,99353.0,1799.0,2022-03-31
23009.0,sold,812000.0,4.0,3.0,0.34,1360338.0,West Richland,Washington,99353.0,3248.0,2022-03-30
108243.0,sold,600000.0,5.0,3.0,0.25,1393284.0,West Richland,Washington,99353.0,2990.0,2022-03-30
76918.0,sold,449900.0,5.0,3.0,0.23,1339358.0,West Richland,Washington,99353.0,2488.0,2022-03-30
53618.0,sold,465000.0,5.0,3.0,0.76,404372.0,West Richland,Washington,99353.0,2454.0,2022-03-30
108243.0,sold,489000.0,3.0,2.0,0.23,1520081.0,West Richland,Washington,99353.0,1896.0,2022-03-29
85499.0,sold,1200000.0,3.0,4.0,5.0,157829.0,West Richland,Washington,99353.0,3100.0,2022-03-29
53618.0,sold,330000.0,3.0,2.0,0.14,1278889.0,West Richland,Washington,99353.0,1120.0,2022-03-29
85499.0,sold,375000.0,3.0,3.0,0.09,1098280.0,West Richland,Washington,99353.0,1815.0,2022-03-25
53860.0,sold,240000.0,,,1.5,1925760.0,West Richland,Washington,99353.0,,2022-03-25
26557.0,sold,819000.0,4.0,4.0,1.01,1228319.0,West Richland,Washington,99353.0,3498.0,2022-03-24
47397.0,sold,509900.0,5.0,3.0,0.23,1464501.0,West Richland,Washington,99353.0,2202.0,2022-03-24
53860.0,sold,419900.0,3.0,2.0,0.15,777411.0,Richland,Washington,99352.0,1604.0,2021-12-17
86230.0,sold,355000.0,3.0,3.0,0.34,664904.0,Richland,Washington,99352.0,1839.0,2022-01-03
108243.0,sold,1015000.0,4.0,3.0,0.39,260528.0,Richland,Washington,99352.0,3046.0,2022-01-03
53860.0,sold,560000.0,6.0,4.0,0.32,404926.0,Richland,Washington,99352.0,3168.0,2021-12-30
30360.0,sold,369900.0,3.0,2.0,0.13,1068965.0,Richland,Washington,99352.0,1721.0,2021-12-30
23009.0,sold,732007.0,4.0,3.0,0.4,292121.0,Richland,Washington,99352.0,2542.0,2021-12-30
84712.0,sold,210000.0,,,1.71,53522.0,Richland,Washington,99352.0,,2021-12-30
108243.0,sold,464200.0,3.0,2.0,0.16,817089.0,Richland,Washington,99352.0,2180.0,2021-12-30
46844.0,sold,287855.0,3.0,2.0,0.17,1698817.0,Othello,Washington,99344.0,1274.0,2022-02-25
78878.0,sold,650000.0,5.0,4.0,0.21,63842.0,Richland,Washington,99352.0,3457.0,2022-01-25
23009.0,sold,384900.0,3.0,2.0,0.18,477738.0,Richland,Washington,99352.0,1505.0,2022-01-25
68277.0,sold,485640.0,4.0,3.0,,1562579.0,Richland,Washington,99352.0,2211.0,2022-01-25
108243.0,sold,510670.0,4.0,3.0,0.26,820424.0,Richland,Washington,99352.0,3031.0,2022-01-25
33745.0,sold,449900.0,3.0,2.0,0.14,902915.0,Richland,Washington,99352.0,1574.0,2022-02-11
16235.0,sold,629900.0,4.0,4.0,0.17,828630.0,Richland,Washington,99352.0,2870.0,2022-02-11
96849.0,sold,489900.0,3.0,3.0,,921381.0,Richland,Washington,99352.0,2232.0,2022-02-11
16235.0,sold,554900.0,3.0,3.0,0.17,814417.0,Richland,Washington,99352.0,2072.0,2022-02-11
53618.0,sold,110000.0,,,0.37,755214.0,Richland,Washington,99352.0,,2022-02-11
85499.0,sold,669900.0,5.0,3.0,0.25,1403552.0,Richland,Washington,99352.0,2590.0,2022-02-25
44652.0,sold,440000.0,4.0,3.0,0.22,775997.0,Richland,Washington,99352.0,2224.0,2022-02-25
23009.0,sold,480000.0,3.0,2.0,0.23,884783.0,Richland,Washington,99352.0,2216.0,2022-02-25
16235.0,sold,544100.0,4.0,2.0,0.18,1268435.0,Richland,Washington,99352.0,1924.0,2022-02-25
26176.0,sold,69900.0,2.0,2.0,,676818.0,Richland,Washington,99352.0,924.0,2022-02-25
108243.0,sold,167500.0,,,0.24,883322.0,Richland,Washington,99352.0,,2022-02-25
108243.0,sold,520000.0,4.0,2.0,0.15,832148.0,Richland,Washington,99352.0,2152.0,2022-02-25
53688.0,sold,235000.0,2.0,1.0,0.28,262561.0,Irrigon,Oregon,97844.0,1120.0,2022-03-03
33745.0,sold,363000.0,3.0,2.0,0.5,376913.0,Hermiston,Oregon,97838.0,1700.0,2022-03-03
50346.0,sold,192500.0,3.0,2.0,0.19,484956.0,Irrigon,Oregon,97844.0,1296.0,2022-03-02
10728.0,sold,639000.0,4.0,3.0,0.36,1547209.0,Richland,Washington,99352.0,2330.0,2022-03-11
85499.0,sold,745850.0,3.0,3.0,0.54,1211790.0,Richland,Washington,99352.0,2460.0,2022-03-11
33745.0,sold,360000.0,2.0,2.0,0.07,1337368.0,Richland,Washington,99352.0,1780.0,2022-03-11
85499.0,sold,625000.0,3.0,3.0,0.41,1720954.0,Richland,Washington,99352.0,2122.0,2022-03-11
76856.0,sold,594000.0,3.0,2.0,0.18,1279476.0,Richland,Washington,99352.0,1955.0,2022-03-11
108243.0,sold,441500.0,3.0,2.0,0.15,1283779.0,Richland,Washington,99352.0,1704.0,2022-03-11
108243.0,sold,435900.0,3.0,2.0,0.15,1290946.0,Richland,Washington,99352.0,1657.0,2022-03-11
16235.0,sold,633830.0,4.0,3.0,0.24,1081925.0,Richland,Washington,99352.0,2492.0,2022-03-31
108243.0,sold,295000.0,3.0,2.0,0.11,1691726.0,Richland,Washington,99352.0,1248.0,2022-03-31
16235.0,sold,684884.0,5.0,3.0,0.25,840787.0,Richland,Washington,99352.0,3322.0,2022-03-31
85499.0,sold,615000.0,4.0,2.0,0.18,1133880.0,Richland,Washington,99352.0,2272.0,2022-03-31
85499.0,sold,595000.0,3.0,2.0,0.32,1132260.0,Richland,Washington,99352.0,2163.0,2022-04-20
60631.0,sold,350000.0,3.0,2.0,0.3,1484445.0,Richland,Washington,99352.0,1326.0,2022-04-20
108243.0,sold,799900.0,6.0,5.0,0.23,645958.0,Richland,Washington,99352.0,5018.0,2022-04-19
108243.0,sold,749500.0,4.0,3.0,0.34,1240257.0,Richland,Washington,99352.0,2772.0,2022-04-19
23009.0,sold,146400.0,,,0.46,1900239.0,Richland,Washington,99352.0,,2022-04-19
108243.0,sold,518760.0,4.0,3.0,0.25,825576.0,Richland,Washington,99352.0,3031.0,2022-04-19
23009.0,sold,489248.0,3.0,4.0,0.23,45129.0,Richland,Washington,99352.0,2872.0,2022-04-18
85499.0,sold,699900.0,4.0,3.0,0.26,550363.0,Richland,Washington,99352.0,2232.0,2022-04-15
53860.0,sold,465000.0,4.0,3.0,0.22,677546.0,Richland,Washington,99352.0,2248.0,2022-04-15
105917.0,sold,499000.0,5.0,3.0,0.19,946153.0,College Place,Washington,99324.0,2947.0,2021-12-17
85499.0,sold,309000.0,3.0,2.0,0.29,1279113.0,Burbank,Washington,99323.0,1296.0,2021-12-17
108356.0,sold,749000.0,4.0,2.0,0.19,1782440.0,Walla Walla,Washington,99362.0,2672.0,2021-12-16
51838.0,sold,675000.0,5.0,3.0,0.18,1572455.0,Walla Walla,Washington,99362.0,3539.0,2021-12-16
53764.0,sold,170000.0,2.0,1.0,0.17,1594358.0,Dayton,Washington,99328.0,859.0,2021-12-16
109941.0,sold,1195000.0,5.0,6.0,0.41,1787958.0,Walla Walla,Washington,99362.0,5763.0,2021-12-15
23062.0,sold,429900.0,4.0,2.0,0.21,302783.0,College Place,Washington,99324.0,2984.0,2022-01-21
23062.0,sold,269999.0,2.0,1.0,0.13,1467453.0,Walla Walla,Washington,99362.0,1762.0,2022-01-21
108069.0,sold,295000.0,2.0,1.0,0.17,292279.0,Walla Walla,Washington,99362.0,1248.0,2022-01-21
53764.0,sold,199900.0,4.0,1.0,0.11,1240946.0,Walla Walla,Washington,99362.0,792.0,2022-01-21
86884.0,sold,195000.0,3.0,4.0,0.46,1704244.0,Milton Freewater,Oregon,97862.0,1760.0,2022-02-10
108356.0,sold,315000.0,3.0,2.0,0.1,301729.0,College Place,Washington,99324.0,1235.0,2022-02-25
23062.0,sold,495000.0,4.0,3.0,2.0,44452.0,Waitsburg,Washington,99361.0,2376.0,2022-03-16
108069.0,sold,268000.0,3.0,2.0,0.13,1016247.0,Milton Freewater,Oregon,97862.0,1605.0,2022-03-16
53618.0,sold,319000.0,2.0,1.0,0.2,1607664.0,Walla Walla,Washington,99362.0,2070.0,2022-03-31
8200.0,sold,125000.0,2.0,1.0,0.02,716358.0,Walla Walla,Washington,99362.0,708.0,2022-04-15
69834.0,sold,441220.0,3.0,3.0,0.22,915815.0,Milton Freewater,Oregon,97862.0,1856.0,2022-04-15
105917.0,sold,475000.0,2.0,1.0,0.17,1012738.0,Walla Walla,Washington,99362.0,2202.0,2022-04-14
23062.0,sold,417000.0,2.0,2.0,0.14,1508868.0,Walla Walla,Washington,99362.0,1915.0,2022-04-13
105917.0,sold,750000.0,3.0,2.0,0.38,1127190.0,Walla Walla,Washington,99362.0,2214.0,2022-04-12
108356.0,sold,305000.0,3.0,1.0,0.2,953688.0,Waitsburg,Washington,99361.0,1862.0,2022-04-12
89682.0,sold,1100000.0,3.0,3.0,0.76,533225.0,Walla Walla,Washington,99362.0,3140.0,2022-04-11
23062.0,sold,625000.0,3.0,3.0,0.23,42584.0,Walla Walla,Washington,99362.0,2268.0,2022-04-08
108356.0,sold,445000.0,5.0,2.0,0.48,692763.0,Milton Freewater,Oregon,97862.0,2850.0,2022-04-08
56506.0,sold,56500.0,,,0.13,1513762.0,Milton Freewater,Oregon,97862.0,,2022-04-08
90200.0,sold,357000.0,3.0,2.0,4.0,1716136.0,Milton Freewater,Oregon,97862.0,1488.0,2022-04-08
90200.0,sold,67900.0,,,0.17,1355111.0,Milton Freewater,Oregon,97862.0,,2022-04-08
16235.0,sold,127500.0,3.0,2.0,,611577.0,Kennewick,Washington,99337.0,1560.0,2022-04-07
85499.0,sold,849900.0,6.0,3.0,1.09,223713.0,Kennewick,Washington,99338.0,3354.0,2021-12-03
85499.0,sold,209000.0,,,6.0,1974219.0,Kennewick,Washington,99338.0,,2021-12-03
16235.0,sold,199900.0,,,1.5,1872855.0,Kennewick,Washington,99338.0,,2021-12-01
23009.0,sold,523850.0,4.0,2.0,0.27,1461023.0,Kennewick,Washington,99338.0,1972.0,2021-12-01
85499.0,sold,392000.0,4.0,2.0,0.18,488720.0,Kennewick,Washington,99338.0,1854.0,2021-11-30
78878.0,sold,875000.0,5.0,5.0,1.25,861402.0,Kennewick,Washington,99338.0,4430.0,2021-11-30
16235.0,sold,867294.0,4.0,3.0,0.58,1435067.0,Kennewick,Washington,99338.0,2986.0,2021-11-30
85499.0,sold,389000.0,2.0,2.0,0.17,1545053.0,Kennewick,Washington,99338.0,1354.0,2021-11-30
23009.0,sold,453345.0,3.0,2.0,0.26,1458006.0,Kennewick,Washington,99338.0,1403.0,2021-11-30
85499.0,sold,569900.0,4.0,2.0,0.23,1045561.0,Kennewick,Washington,99338.0,2248.0,2021-12-30
108243.0,sold,720566.0,5.0,4.0,1.1,265991.0,Kennewick,Washington,99338.0,3430.0,2021-12-30
108243.0,sold,399900.0,3.0,2.0,0.52,26529.0,Kennewick,Washington,99338.0,1404.0,2021-12-29
85499.0,sold,674900.0,5.0,3.0,0.17,1576463.0,Kennewick,Washington,99338.0,2767.0,2021-12-29
108243.0,sold,620700.0,4.0,3.0,1.0,71083.0,Kennewick,Washington,99338.0,3031.0,2022-02-03
78878.0,sold,869900.0,3.0,3.0,2.25,884274.0,Kennewick,Washington,99338.0,3835.0,2022-02-01
85499.0,sold,3750000.0,7.0,13.0,5.99,32348.0,Kennewick,Washington,99338.0,21200.0,2022-01-31
85499.0,sold,444000.0,3.0,2.0,0.18,1085883.0,Kennewick,Washington,99338.0,1498.0,2022-01-31
108243.0,sold,205000.0,,,1.03,1969415.0,Kennewick,Washington,99338.0,,2022-01-31
85499.0,sold,389000.0,2.0,2.0,0.17,1543746.0,Kennewick,Washington,99338.0,1363.0,2022-01-31
85499.0,sold,508000.0,4.0,2.0,0.18,1560696.0,Kennewick,Washington,99338.0,1881.0,2022-02-25
53618.0,sold,175000.0,,,0.88,1013919.0,Kennewick,Washington,99338.0,,2022-02-25
23009.0,sold,548850.0,4.0,2.0,0.2,1410526.0,Kennewick,Washington,99338.0,1872.0,2022-02-25
85499.0,sold,539000.0,3.0,3.0,0.2,1020987.0,Kennewick,Washington,99338.0,2270.0,2022-02-25
23009.0,sold,520000.0,3.0,2.0,0.23,967456.0,Kennewick,Washington,99338.0,1805.0,2022-03-11
53618.0,sold,710593.0,4.0,3.0,1.0,426563.0,Kennewick,Washington,99338.0,2595.0,2022-03-11
53618.0,sold,701508.0,4.0,3.0,1.0,380609.0,Kennewick,Washington,99338.0,2363.0,2022-04-01
23009.0,sold,537746.0,3.0,2.0,0.2,993762.0,Kennewick,Washington,99338.0,2260.0,2022-04-01
108243.0,sold,599900.0,3.0,2.0,0.87,1812836.0,Kennewick,Washington,99338.0,1841.0,2022-03-31
85499.0,sold,535926.0,4.0,2.0,0.18,1103522.0,Kennewick,Washington,99338.0,1881.0,2022-03-31
47397.0,sold,594000.0,3.0,2.0,1.02,822590.0,Kennewick,Washington,99338.0,2054.0,2022-03-31
108243.0,sold,369000.0,3.0,2.0,0.31,930692.0,Kennewick,Washington,99338.0,1436.0,2022-03-31
85499.0,sold,519600.0,3.0,2.0,0.18,1561558.0,Kennewick,Washington,99338.0,2215.0,2022-03-30
85499.0,sold,511500.0,4.0,2.0,0.18,1558089.0,Kennewick,Washington,99338.0,1881.0,2022-03-29
23559.0,sold,715000.0,4.0,4.0,2.87,1338972.0,Kennewick,Washington,99338.0,4202.0,2022-03-28
108243.0,sold,410000.0,3.0,2.0,0.2,1339002.0,Kennewick,Washington,99338.0,1664.0,2022-03-25
85499.0,sold,460000.0,3.0,3.0,0.18,1409454.0,Kennewick,Washington,99338.0,2449.0,2022-03-25
85499.0,sold,499000.0,4.0,2.0,0.18,1100883.0,Kennewick,Washington,99338.0,1881.0,2022-03-25
75511.0,sold,380000.0,3.0,3.0,0.35,1441644.0,Kennewick,Washington,99338.0,1700.0,2022-03-25
53618.0,sold,887000.0,4.0,3.0,1.0,432901.0,Kennewick,Washington,99338.0,2957.0,2022-03-25
108243.0,sold,716821.0,3.0,3.0,1.0,291980.0,Kennewick,Washington,99338.0,3341.0,2022-03-25
99841.0,sold,79900.0,3.0,2.0,,1020253.0,Kennewick,Washington,99338.0,1120.0,2022-03-24
85499.0,sold,475000.0,5.0,4.0,0.31,701365.0,Kennewick,Washington,99337.0,3150.0,2021-11-30
53770.0,sold,460000.0,5.0,3.0,0.32,1263989.0,Kennewick,Washington,99337.0,2616.0,2021-11-30
33745.0,sold,160000.0,3.0,2.0,,900576.0,Kennewick,Washington,99337.0,1960.0,2021-11-30
23009.0,sold,504885.0,3.0,3.0,0.31,1068848.0,Kennewick,Washington,99337.0,2692.0,2021-11-30
108243.0,sold,364900.0,4.0,2.0,0.23,1799499.0,Kennewick,Washington,99337.0,1502.0,2021-11-30
76856.0,sold,310000.0,3.0,2.0,0.9,445332.0,Kennewick,Washington,99337.0,1600.0,2021-11-30
10728.0,sold,419900.0,4.0,3.0,0.28,1161463.0,Kennewick,Washington,99337.0,2670.0,2021-11-29
108243.0,sold,465000.0,3.0,2.0,0.68,175154.0,Kennewick,Washington,99337.0,1860.0,2021-11-29
85499.0,sold,779900.0,5.0,4.0,2.66,1797394.0,Kennewick,Washington,99337.0,3110.0,2021-11-29
108243.0,sold,619000.0,4.0,3.0,0.36,1123598.0,Kennewick,Washington,99337.0,2738.0,2021-11-29
53860.0,sold,320000.0,,,5.6,1975695.0,Kennewick,Washington,99337.0,,2021-11-29
31280.0,sold,490000.0,5.0,3.0,0.17,897497.0,Kennewick,Washington,99337.0,3069.0,2021-12-20
78878.0,sold,468000.0,5.0,3.0,0.24,995793.0,Kennewick,Washington,99337.0,3221.0,2021-12-20
10791.0,sold,349900.0,3.0,2.0,0.43,825181.0,Kennewick,Washington,99337.0,1569.0,2021-12-20
48694.0,sold,439900.0,4.0,3.0,0.28,1146515.0,Kennewick,Washington,99337.0,2640.0,2021-12-20
68277.0,sold,366747.0,3.0,2.0,0.21,1392669.0,Kennewick,Washington,99337.0,1408.0,2022-01-28
44652.0,sold,715000.0,4.0,3.0,0.41,1357421.0,Kennewick,Washington,99337.0,2464.0,2022-01-28
76856.0,sold,529900.0,5.0,3.0,0.59,746219.0,Kennewick,Washington,99337.0,2832.0,2022-01-27
68277.0,sold,361087.0,3.0,2.0,0.26,1409817.0,Kennewick,Washington,99337.0,1408.0,2022-01-27
85499.0,sold,374900.0,4.0,2.0,0.3,615749.0,Kennewick,Washington,99337.0,2274.0,2022-01-25
44652.0,sold,565000.0,4.0,3.0,0.25,1107614.0,Kennewick,Washington,99337.0,2625.0,2022-02-24
48694.0,sold,469900.0,4.0,3.0,0.51,1356782.0,Kennewick,Washington,99337.0,1895.0,2022-02-24
68277.0,sold,400720.0,3.0,2.0,0.21,566752.0,Kennewick,Washington,99337.0,1805.0,2022-02-24
24359.0,sold,139900.0,3.0,2.0,0.35,539257.0,Kennewick,Washington,99337.0,1360.0,2022-02-23
68277.0,sold,400693.0,3.0,2.0,0.25,1352654.0,Kennewick,Washington,99337.0,1805.0,2022-02-22
53618.0,sold,460000.0,5.0,3.0,0.19,1256855.0,Kennewick,Washington,99337.0,2287.0,2022-02-18
53618.0,sold,400000.0,3.0,3.0,0.25,1517671.0,Kennewick,Washington,99337.0,1915.0,2022-02-18
72168.0,sold,220000.0,2.0,1.0,0.42,448304.0,Kennewick,Washington,99337.0,1008.0,2022-02-18
68277.0,sold,420728.0,4.0,3.0,0.21,1376033.0,Kennewick,Washington,99337.0,2211.0,2022-02-18
68277.0,sold,370265.0,3.0,2.0,,573222.0,Kennewick,Washington,99337.0,1574.0,2022-03-17
26176.0,sold,330000.0,3.0,1.0,0.29,970193.0,Kennewick,Washington,99337.0,1920.0,2022-04-08
23009.0,sold,108000.0,3.0,2.0,,611581.0,Kennewick,Washington,99337.0,1188.0,2022-04-08
53618.0,sold,495500.0,4.0,3.0,0.2,1075099.0,Kennewick,Washington,99337.0,2210.0,2022-04-07
78878.0,sold,380000.0,3.0,2.0,0.25,767357.0,Kennewick,Washington,99337.0,1726.0,2022-04-07
75511.0,sold,650000.0,12.0,6.0,0.27,535542.0,Kennewick,Washington,99337.0,4480.0,2022-04-07
53860.0,sold,409900.0,4.0,3.0,0.35,1287650.0,Kennewick,Washington,99337.0,2484.0,2022-04-06
53618.0,sold,369000.0,3.0,2.0,0.25,489680.0,Kennewick,Washington,99337.0,1512.0,2022-04-06
101720.0,sold,359900.0,3.0,1.0,0.44,738432.0,Kennewick,Washington,99337.0,1333.0,2022-04-05
23009.0,sold,499999.0,3.0,2.0,0.32,1056636.0,Kennewick,Washington,99337.0,3035.0,2022-04-04
85499.0,sold,345000.0,2.0,2.0,1.14,454525.0,Kennewick,Washington,99337.0,1184.0,2022-04-01
85499.0,sold,399000.0,4.0,3.0,0.29,1057481.0,Kennewick,Washington,99337.0,2068.0,2022-04-01
101720.0,sold,799000.0,3.0,3.0,5.0,1060668.0,Kennewick,Washington,99337.0,2541.0,2022-03-31
44652.0,sold,649000.0,3.0,3.0,0.9,1014862.0,Kennewick,Washington,99337.0,5087.0,2022-03-31
23559.0,sold,335000.0,3.0,2.0,0.23,1068055.0,Kennewick,Washington,99337.0,1216.0,2022-03-31
108243.0,sold,330000.0,3.0,2.0,0.25,205948.0,Kennewick,Washington,99337.0,1471.0,2022-03-31
53618.0,sold,415000.0,4.0,3.0,0.37,961442.0,Kennewick,Washington,99337.0,1898.0,2022-03-30
108243.0,sold,499000.0,3.0,3.0,0.18,1225621.0,Kennewick,Washington,99337.0,2289.0,2022-03-30
68277.0,sold,409760.0,4.0,3.0,,1480216.0,Kennewick,Washington,99337.0,2211.0,2022-03-30
108243.0,sold,375000.0,5.0,3.0,0.24,896697.0,Kennewick,Washington,99337.0,2115.0,2022-03-29
68277.0,sold,364703.0,2.0,2.0,0.21,627604.0,Kennewick,Washington,99337.0,1235.0,2022-03-29
99841.0,sold,412000.0,3.0,2.0,0.26,1140006.0,Kennewick,Washington,99337.0,1400.0,2022-03-28
85499.0,sold,535000.0,4.0,3.0,0.2,1059287.0,Kennewick,Washington,99337.0,3086.0,2022-03-28
85499.0,sold,335000.0,4.0,3.0,0.46,960629.0,Kennewick,Washington,99337.0,2763.0,2022-03-28
108243.0,sold,315000.0,3.0,2.0,0.23,339207.0,Kennewick,Washington,99337.0,1392.0,2022-03-28
85499.0,sold,385000.0,3.0,2.0,0.18,550525.0,Kennewick,Washington,99337.0,1408.0,2022-03-25
28391.0,sold,330000.0,4.0,3.0,0.06,172148.0,Kennewick,Washington,99337.0,1699.0,2022-03-25
44652.0,sold,330000.0,5.0,2.0,0.19,1481054.0,Kennewick,Washington,99337.0,3232.0,2022-03-24
85499.0,sold,255000.0,2.0,1.0,0.32,343358.0,Kennewick,Washington,99337.0,1184.0,2022-03-22
86230.0,sold,350000.0,3.0,2.0,0.25,751817.0,Kennewick,Washington,99337.0,1480.0,2022-03-21
10728.0,sold,357800.0,4.0,2.0,0.23,33086.0,Kennewick,Washington,99337.0,2109.0,2022-03-21
53618.0,sold,360000.0,3.0,1.0,2.06,743451.0,Kennewick,Washington,99337.0,1443.0,2022-03-21
68277.0,sold,357340.0,3.0,2.0,,617789.0,Kennewick,Washington,99337.0,1408.0,2022-03-21
53618.0,sold,454900.0,4.0,3.0,0.49,36464.0,Kennewick,Washington,99337.0,2538.0,2022-03-18
3045.0,sold,340000.0,3.0,3.0,0.24,224239.0,Kennewick,Washington,99337.0,2204.0,2022-03-18
93655.0,sold,539900.0,3.0,3.0,0.26,1061144.0,Kennewick,Washington,99337.0,2258.0,2022-03-18
26176.0,sold,94900.0,3.0,2.0,,295709.0,Kennewick,Washington,99337.0,1344.0,2022-03-18
53770.0,sold,299000.0,3.0,1.0,0.21,660149.0,Kennewick,Washington,99337.0,1372.0,2022-03-18
68277.0,sold,386464.0,4.0,2.0,0.21,608890.0,Kennewick,Washington,99337.0,1623.0,2022-03-18
53860.0,sold,369000.0,3.0,2.0,0.12,1800064.0,Kennewick,Washington,99336.0,1580.0,2022-01-13
53618.0,sold,309900.0,3.0,2.0,0.21,1767433.0,Kennewick,Washington,99336.0,1538.0,2022-01-13
48694.0,sold,299900.0,3.0,2.0,0.24,1728085.0,Kennewick,Washington,99336.0,1539.0,2022-01-11
108243.0,sold,270000.0,2.0,1.0,0.2,392762.0,Kennewick,Washington,99336.0,1817.0,2021-12-20
16235.0,sold,599900.0,7.0,5.0,0.48,1412071.0,Kennewick,Washington,99336.0,3824.0,2021-12-17
53860.0,sold,830000.0,4.0,2.0,3.76,577786.0,Kennewick,Washington,99336.0,3000.0,2021-12-17
85499.0,sold,500000.0,4.0,4.0,0.22,1746623.0,Kennewick,Washington,99336.0,2381.0,2021-12-17
53618.0,sold,275000.0,3.0,2.0,0.16,772963.0,Kennewick,Washington,99336.0,2034.0,2021-12-17
85499.0,sold,479500.0,4.0,3.0,0.77,1188403.0,Kennewick,Washington,99336.0,2496.0,2021-12-17
93655.0,sold,350000.0,3.0,2.0,0.08,1661629.0,Kennewick,Washington,99336.0,1414.0,2021-12-16
108243.0,sold,175000.0,2.0,1.0,0.14,1195879.0,Kennewick,Washington,99336.0,902.0,2021-12-16
85499.0,sold,190000.0,1.0,1.0,0.05,768021.0,Kennewick,Washington,99336.0,761.0,2021-12-16
108243.0,sold,314900.0,3.0,2.0,0.29,1600639.0,Kennewick,Washington,99336.0,1365.0,2021-12-15
85499.0,sold,649900.0,4.0,3.0,1.0,1767431.0,Kennewick,Washington,99336.0,3767.0,2021-12-15
85499.0,sold,400000.0,4.0,2.0,0.4,219345.0,Kennewick,Washington,99336.0,1988.0,2021-12-15
76918.0,sold,550000.0,3.0,3.0,0.26,1694229.0,Kennewick,Washington,99336.0,2473.0,2021-12-15
92240.0,sold,334900.0,3.0,3.0,0.06,1364650.0,Kennewick,Washington,99336.0,1500.0,2021-12-15
85499.0,sold,65000.0,3.0,2.0,,1661472.0,Kennewick,Washington,99336.0,1296.0,2022-02-11
53770.0,sold,310000.0,3.0,3.0,0.1,1779215.0,Kennewick,Washington,99336.0,1613.0,2022-02-11
33745.0,sold,250000.0,3.0,1.0,0.16,1191163.0,Kennewick,Washington,99336.0,1240.0,2022-02-11
32250.0,sold,299900.0,3.0,2.0,0.12,1334624.0,Kennewick,Washington,99336.0,1300.0,2022-02-10
26176.0,sold,425000.0,4.0,3.0,0.3,1500909.0,Kennewick,Washington,99336.0,1996.0,2022-02-09
108243.0,sold,325000.0,4.0,3.0,0.29,873244.0,Kennewick,Washington,99336.0,4328.0,2022-02-08
108243.0,sold,315000.0,3.0,2.0,,392761.0,Kennewick,Washington,99336.0,2250.0,2022-02-08
23559.0,sold,370000.0,3.0,2.0,0.13,1673711.0,Kennewick,Washington,99336.0,1232.0,2022-02-08
12005.0,sold,459000.0,5.0,3.0,0.28,646523.0,Kennewick,Washington,99336.0,1968.0,2022-03-01
85499.0,sold,399900.0,5.0,2.0,0.33,1126934.0,Kennewick,Washington,99336.0,3152.0,2022-02-28
109603.0,sold,1950000.0,4.0,2.0,1.15,489736.0,Kennewick,Washington,99336.0,21402.0,2022-02-28
30271.0,sold,230000.0,2.0,1.0,0.15,1174744.0,Kennewick,Washington,99336.0,859.0,2022-02-28
53860.0,sold,395000.0,3.0,2.0,0.21,1726438.0,Kennewick,Washington,99336.0,1640.0,2022-02-28
28391.0,sold,305000.0,2.0,2.0,0.21,1107293.0,Kennewick,Washington,99336.0,1370.0,2022-03-21
108243.0,sold,243000.0,2.0,1.0,0.25,684910.0,Kennewick,Washington,99336.0,828.0,2022-03-21
44652.0,sold,269900.0,3.0,2.0,0.14,1275969.0,Kennewick,Washington,99336.0,1296.0,2022-04-14
53860.0,sold,149900.0,,,20.01,1808857.0,Kennewick,Washington,99336.0,,2022-04-14
68277.0,sold,495990.0,4.0,3.0,0.26,1408921.0,Kennewick,Washington,99336.0,2211.0,2022-04-14
16235.0,sold,335000.0,3.0,2.0,0.31,1767327.0,Kennewick,Washington,99336.0,1140.0,2022-04-13
19224.0,sold,355000.0,6.0,3.0,0.24,655458.0,Kennewick,Washington,99336.0,2088.0,2022-04-13
53770.0,sold,335000.0,4.0,2.0,0.24,1016768.0,Kennewick,Washington,99336.0,1872.0,2022-04-13
47397.0,sold,240000.0,3.0,2.0,0.14,1278687.0,Kennewick,Washington,99336.0,1568.0,2022-04-13
85499.0,sold,290000.0,3.0,1.0,0.19,331676.0,Kennewick,Washington,99336.0,1133.0,2022-04-12
108210.0,sold,559000.0,5.0,4.0,0.29,1210122.0,Kennewick,Washington,99336.0,3092.0,2022-04-11
28391.0,sold,340000.0,4.0,2.0,0.33,1571666.0,Kennewick,Washington,99336.0,2059.0,2022-04-11
76856.0,sold,119900.0,3.0,2.0,,660026.0,Kennewick,Washington,99336.0,1152.0,2022-04-11
26176.0,sold,225000.0,2.0,1.0,0.19,50687.0,Kennewick,Washington,99336.0,1207.0,2022-04-11
85499.0,sold,749850.0,3.0,3.0,0.31,1624858.0,Kennewick,Washington,99336.0,2448.0,2022-04-08
85499.0,sold,379000.0,3.0,2.0,0.19,1741482.0,Kennewick,Washington,99336.0,1590.0,2022-04-08
33745.0,sold,435000.0,4.0,3.0,0.17,1215616.0,Kennewick,Washington,99336.0,2039.0,2022-04-08
19224.0,sold,625000.0,8.0,6.0,0.25,1176450.0,Kennewick,Washington,99336.0,3698.0,2022-04-08
24691.0,sold,210000.0,1.0,1.0,0.94,1149652.0,Kennewick,Washington,99336.0,1097.0,2022-04-08
76856.0,sold,360000.0,3.0,2.0,0.28,1176629.0,Kennewick,Washington,99336.0,1589.0,2022-04-07
109603.0,sold,274900.0,3.0,1.0,0.15,807405.0,Kennewick,Washington,99336.0,1440.0,2022-04-07
53618.0,sold,350000.0,3.0,2.0,0.14,1800129.0,Kennewick,Washington,99336.0,1152.0,2022-04-07
53618.0,sold,379900.0,4.0,3.0,0.19,611959.0,Kennewick,Washington,99336.0,1621.0,2022-04-05
26176.0,sold,109000.0,3.0,2.0,,1661473.0,Kennewick,Washington,99336.0,1248.0,2022-04-05
68277.0,sold,488512.0,3.0,2.0,0.21,1408819.0,Kennewick,Washington,99336.0,2046.0,2022-04-05
23009.0,sold,269900.0,3.0,1.0,0.29,1503075.0,Kennewick,Washington,99336.0,1320.0,2022-04-04
108243.0,sold,351000.0,4.0,2.0,0.16,1344426.0,Kennewick,Washington,99336.0,1724.0,2022-04-01
93655.0,sold,419900.0,5.0,3.0,0.19,1728496.0,Kennewick,Washington,99336.0,2106.0,2022-04-01
85499.0,sold,449900.0,3.0,3.0,0.21,1693273.0,Kennewick,Washington,99336.0,1830.0,2022-03-31
53618.0,sold,275000.0,3.0,1.0,0.14,100006.0,Kennewick,Washington,99336.0,1902.0,2022-03-31
19224.0,sold,375000.0,3.0,3.0,0.12,1324195.0,Kennewick,Washington,99336.0,1317.0,2022-03-31
108243.0,sold,300000.0,3.0,1.0,0.15,236967.0,Kennewick,Washington,99336.0,2015.0,2022-03-31
13530.0,sold,209900.0,2.0,1.0,0.13,1352656.0,Kennewick,Washington,99336.0,720.0,2022-03-31
68277.0,sold,477990.0,4.0,3.0,0.27,896427.0,Kennewick,Washington,99336.0,2211.0,2022-03-31
44652.0,sold,374900.0,5.0,3.0,0.23,1339536.0,Kennewick,Washington,99336.0,2311.0,2022-03-30
76856.0,sold,385000.0,3.0,3.0,0.18,1182346.0,Kennewick,Washington,99336.0,1709.0,2022-03-30
26176.0,sold,135000.0,2.0,2.0,,966858.0,Kennewick,Washington,99336.0,1296.0,2022-03-25
23009.0,sold,429900.0,3.0,2.0,0.2,701027.0,Kennewick,Washington,99336.0,1988.0,2022-03-25
76856.0,sold,128000.0,3.0,2.0,,1661474.0,Kennewick,Washington,99336.0,1456.0,2022-03-25
99079.0,sold,530000.0,8.0,4.0,0.22,572545.0,Richland,Washington,99354.0,3680.0,2022-04-30
53860.0,sold,485900.0,5.0,3.0,0.32,676201.0,Richland,Washington,99354.0,3434.0,2022-04-29
101720.0,sold,130000.0,3.0,2.0,,621751.0,Richland,Washington,99354.0,1196.0,2022-04-29
72729.0,sold,569900.0,3.0,3.0,0.18,984188.0,Richland,Washington,99354.0,2248.0,2022-04-29
31280.0,sold,245000.0,2.0,2.0,0.06,1408345.0,Richland,Washington,99354.0,1377.0,2022-04-29
78878.0,sold,460000.0,6.0,3.0,,348778.0,Richland,Washington,99354.0,3525.0,2022-04-29
86230.0,sold,150000.0,4.0,2.0,,955890.0,Richland,Washington,99354.0,1568.0,2022-04-28
108243.0,sold,240000.0,2.0,1.0,0.12,39114.0,Richland,Washington,99354.0,609.0,2022-04-28
108243.0,sold,420000.0,4.0,2.0,0.2,277240.0,Richland,Washington,99354.0,1800.0,2022-04-27
108243.0,sold,430000.0,4.0,3.0,0.22,1044555.0,Richland,Washington,99354.0,2130.0,2022-04-27
33745.0,sold,574990.0,4.0,3.0,0.15,752589.0,Richland,Washington,99354.0,2336.0,2022-04-27
72729.0,sold,519900.0,3.0,2.0,0.18,980272.0,Richland,Washington,99354.0,2092.0,2022-04-26
33745.0,sold,305000.0,3.0,1.0,0.17,1331408.0,Richland,Washington,99354.0,1536.0,2022-04-26
53618.0,sold,299995.0,3.0,2.0,0.21,769075.0,Richland,Washington,99354.0,1621.0,2022-04-26
32250.0,sold,320000.0,3.0,1.0,0.15,413168.0,Richland,Washington,99354.0,1884.0,2022-04-26
10791.0,sold,575000.0,5.0,3.0,0.28,966986.0,Richland,Washington,99354.0,3481.0,2022-04-25
44652.0,sold,445000.0,3.0,3.0,0.06,976577.0,Richland,Washington,99354.0,1913.0,2022-04-22
108243.0,sold,88000.0,3.0,2.0,,1192244.0,Richland,Washington,99354.0,1056.0,2022-04-22
85499.0,sold,495000.0,3.0,3.0,0.12,850724.0,Richland,Washington,99354.0,2002.0,2022-04-21
53618.0,sold,500000.0,4.0,3.0,0.18,886579.0,Richland,Washington,99354.0,2150.0,2022-04-21
108243.0,sold,290000.0,4.0,1.0,0.23,208899.0,Richland,Washington,99354.0,1696.0,2022-04-19
109603.0,sold,499987.0,4.0,3.0,0.22,1067149.0,Richland,Washington,99354.0,2334.0,2022-04-18
28391.0,sold,470000.0,4.0,3.0,0.23,1592129.0,Richland,Washington,99354.0,2306.0,2022-04-15
23009.0,sold,289900.0,2.0,2.0,0.17,55079.0,Richland,Washington,99354.0,933.0,2022-04-15
23009.0,sold,325000.0,3.0,1.0,0.21,128055.0,Richland,Washington,99354.0,1200.0,2022-04-15
78878.0,sold,449900.0,5.0,4.0,0.28,338127.0,Richland,Washington,99354.0,3600.0,2022-04-14
72729.0,sold,569900.0,3.0,3.0,0.17,976663.0,Richland,Washington,99354.0,2248.0,2022-04-14
72729.0,sold,499900.0,3.0,2.0,0.18,984408.0,Richland,Washington,99354.0,1853.0,2022-04-12
85499.0,sold,550000.0,4.0,4.0,0.3,321923.0,Richland,Washington,99354.0,2144.0,2022-04-08
76856.0,sold,350000.0,3.0,2.0,0.19,392680.0,Richland,Washington,99354.0,1668.0,2022-04-08
76856.0,sold,470000.0,3.0,2.0,0.43,1211452.0,Richland,Washington,99354.0,3023.0,2022-04-08
85499.0,sold,575000.0,4.0,3.0,0.19,736566.0,Richland,Washington,99354.0,2765.0,2022-04-07
97217.0,sold,495000.0,3.0,2.0,0.15,737545.0,Richland,Washington,99354.0,2059.0,2022-04-07
72729.0,sold,599900.0,3.0,3.0,0.25,982666.0,Richland,Washington,99354.0,2571.0,2022-04-06
53618.0,sold,459900.0,3.0,2.0,0.2,934304.0,Richland,Washington,99354.0,1792.0,2022-04-06
53618.0,sold,575900.0,3.0,3.0,0.21,949782.0,Richland,Washington,99354.0,2248.0,2022-04-05
16235.0,sold,329900.0,3.0,2.0,0.2,361855.0,Richland,Washington,99354.0,1853.0,2022-04-05
72729.0,sold,689900.0,4.0,3.0,0.29,982202.0,Richland,Washington,99354.0,3070.0,2022-04-01
72729.0,sold,729900.0,3.0,3.0,0.2,867163.0,Richland,Washington,99354.0,3070.0,2022-04-01
108243.0,sold,335000.0,3.0,2.0,0.21,127328.0,Richland,Washington,99354.0,1585.0,2022-03-30
85499.0,sold,385000.0,4.0,2.0,0.17,1354952.0,Richland,Washington,99354.0,1872.0,2022-03-30
23009.0,sold,410000.0,4.0,2.0,0.23,502173.0,Richland,Washington,99354.0,2814.0,2022-03-28
23039.0,sold,20000.0,,,0.43,1407689.0,Roosevelt,Washington,99356.0,,2022-04-25
108221.0,sold,12500.0,,,0.34,1965483.0,Roosevelt,Washington,99356.0,,2022-04-14
108221.0,sold,13000.0,,,0.35,1965482.0,Roosevelt,Washington,99356.0,,2022-02-25
54751.0,sold,145000.0,2.0,1.0,0.3,1327345.0,Roosevelt,Washington,99356.0,1312.0,2022-02-16
108293.0,sold,895000.0,,,265.9,1893241.0,Royal City,Washington,99357.0,,2022-04-18
23017.0,sold,296000.0,3.0,2.0,0.2,1466143.0,Royal City,Washington,99357.0,1438.0,2022-02-28
23017.0,sold,280290.0,3.0,2.0,0.43,1519815.0,Royal City,Washington,99357.0,1166.0,2022-02-22
23017.0,sold,257000.0,4.0,2.0,0.2,1477550.0,Royal City,Washington,99357.0,1080.0,2022-02-18
66058.0,sold,295000.0,4.0,2.0,0.22,1205752.0,Royal City,Washington,99357.0,1786.0,2022-01-31
53764.0,sold,299000.0,,,13.7,1949221.0,Touchet,Washington,99360.0,,2022-03-21
60631.0,sold,393000.0,4.0,2.0,1.54,1616269.0,Touchet,Washington,99360.0,2457.0,2022-03-10
108069.0,sold,260000.0,,,12.0,1960820.0,Touchet,Washington,99361.0,,2022-04-22
108069.0,sold,310000.0,,,17.31,246679.0,Touchet,Washington,99361.0,,2022-04-18
108069.0,sold,260000.0,,,10.31,1960819.0,Touchet,Washington,99361.0,,2022-04-08
108069.0,sold,169900.0,1.0,2.0,0.32,668042.0,Waitsburg,Washington,99361.0,1354.0,2022-03-30
51838.0,sold,179000.0,3.0,2.0,0.23,1650479.0,Waitsburg,Washington,99361.0,1188.0,2022-03-25
108069.0,sold,260000.0,,,13.77,1960821.0,Touchet,Washington,99361.0,,2022-01-12
108356.0,sold,80000.0,,,0.44,1926760.0,Dixie,Washington,99361.0,,2022-01-12
23062.0,sold,369900.0,3.0,2.0,0.37,1207791.0,Waitsburg,Washington,99361.0,2480.0,2022-01-06
23062.0,sold,289000.0,3.0,2.0,0.23,1184245.0,Waitsburg,Washington,99361.0,1747.0,2021-12-06
105917.0,sold,279000.0,1.0,1.0,10.29,1681438.0,Waitsburg,Washington,99361.0,672.0,2021-12-03
108356.0,sold,279000.0,3.0,2.0,0.3,1205575.0,Waitsburg,Washington,99361.0,1404.0,2021-11-24
23062.0,sold,235000.0,2.0,1.0,0.18,614690.0,Waitsburg,Washington,99361.0,1690.0,2021-11-24
23062.0,sold,75000.0,2.0,2.0,,295185.0,Walla Walla,Washington,99362.0,1550.0,2022-04-22
109941.0,sold,700000.0,,,41.98,1846569.0,Walla Walla,Washington,99362.0,,2022-04-21
23062.0,sold,329000.0,3.0,2.0,0.17,211356.0,Walla Walla,Washington,99362.0,1804.0,2022-04-18
23062.0,sold,299900.0,4.0,1.0,0.14,45275.0,Walla Walla,Washington,99362.0,1760.0,2022-04-18
45389.0,sold,449950.0,3.0,3.0,,785230.0,Walla Walla,Washington,99362.0,2681.0,2022-04-14
23062.0,sold,789000.0,4.0,4.0,0.24,87823.0,Walla Walla,Washington,99362.0,4078.0,2022-04-06
23062.0,sold,740000.0,4.0,4.0,0.94,574504.0,Walla Walla,Washington,99362.0,6011.0,2022-04-06
8200.0,sold,489000.0,3.0,3.0,0.26,239932.0,Walla Walla,Washington,99362.0,2744.0,2022-04-06
108356.0,sold,495000.0,4.0,3.0,0.48,531379.0,Walla Walla,Washington,99362.0,2317.0,2022-04-05
108069.0,sold,254000.0,2.0,1.0,0.16,356102.0,Walla Walla,Washington,99362.0,896.0,2022-04-01
45389.0,sold,399950.0,3.0,2.0,0.14,570589.0,Walla Walla,Washington,99362.0,1574.0,2022-03-31
44652.0,sold,359117.0,,,170.0,1933602.0,Wallula,Washington,99363.0,,2022-03-01
21117.0,sold,235000.0,3.0,1.0,0.11,1177795.0,Pendleton,Oregon,97801.0,1536.0,2022-05-05
23014.0,sold,150000.0,1.0,2.0,0.61,1157958.0,Anatone,Washington,99401.0,1440.0,2022-01-10
54821.0,sold,1650000.0,,,1650.72,1926311.0,Asotin,Washington,99401.0,,2022-01-06
6736.0,sold,135000.0,,,5.48,1966057.0,Asotin,Washington,99401.0,,2021-11-15
79250.0,sold,317000.0,3.0,2.0,0.24,341085.0,Asotin,Washington,99402.0,1568.0,2022-05-05
51869.0,sold,339900.0,4.0,2.0,0.3,1061705.0,Lewiston,Idaho,83501.0,3034.0,2022-05-05
79250.0,sold,244500.0,3.0,1.0,0.28,215896.0,Asotin,Washington,99402.0,1190.0,2022-04-25
6736.0,sold,129000.0,1.0,1.0,0.15,1463147.0,Clarkston,Washington,99403.0,872.0,2022-04-28
16013.0,sold,325000.0,3.0,2.0,0.38,418662.0,Clarkston,Washington,99403.0,1654.0,2022-04-26
4029.0,sold,175000.0,2.0,1.0,0.87,326832.0,Clarkston,Washington,99403.0,832.0,2022-04-26
6736.0,sold,285000.0,3.0,1.0,0.6,1614499.0,Clarkston,Washington,99403.0,1888.0,2022-04-25
23014.0,sold,42900.0,,,0.43,754802.0,Clarkston,Washington,99403.0,,2022-04-25
23014.0,sold,85999.0,3.0,2.0,,665881.0,Clarkston,Washington,99403.0,1040.0,2022-04-22
51869.0,sold,289000.0,3.0,2.0,0.68,616880.0,Clarkston,Washington,99403.0,2625.0,2022-04-22
53618.0,sold,199999.0,3.0,1.0,0.18,608924.0,Richland,Washington,99354.0,816.0,2021-11-08
23039.0,sold,380000.0,3.0,3.0,4.68,901248.0,Goldendale,Washington,98620.0,1748.0,2021-11-19
23009.0,sold,520000.0,4.0,3.0,0.2,900747.0,Richland,Washington,99354.0,2731.0,2021-12-09
72729.0,sold,499900.0,3.0,2.0,0.18,978464.0,Richland,Washington,99354.0,1853.0,2022-01-18
53618.0,sold,505000.0,3.0,3.0,0.36,679928.0,Richland,Washington,99354.0,2324.0,2022-01-14
99391.0,sold,319900.0,2.0,1.0,0.22,565442.0,Richland,Washington,99354.0,860.0,2022-01-14
72729.0,sold,624900.0,4.0,3.0,0.23,868245.0,Richland,Washington,99354.0,2411.0,2022-01-13
108243.0,sold,579900.0,4.0,3.0,0.17,944491.0,Richland,Washington,99354.0,2428.0,2022-01-12
72729.0,sold,609900.0,3.0,3.0,0.16,867837.0,Richland,Washington,99354.0,2248.0,2022-01-12
53618.0,sold,454900.0,4.0,3.0,0.24,749945.0,Richland,Washington,99354.0,2284.0,2022-01-12
99079.0,sold,395000.0,5.0,3.0,,1460763.0,Richland,Washington,99354.0,3600.0,2022-01-07
76856.0,sold,415000.0,4.0,3.0,0.27,1323599.0,Richland,Washington,99354.0,2011.0,2022-01-06
108069.0,sold,345000.0,3.0,2.0,0.22,649161.0,Walla Walla,Washington,99362.0,1386.0,2021-11-18
108356.0,sold,469000.0,3.0,3.0,2.05,1726857.0,Milton Freewater,Oregon,97862.0,2258.0,2021-12-02
53688.0,sold,730000.0,4.0,3.0,4.85,1017486.0,Hermiston,Oregon,97838.0,2707.0,2021-12-02
108356.0,sold,295000.0,4.0,1.0,0.29,1186600.0,Milton Freewater,Oregon,97862.0,1786.0,2021-12-02
108356.0,sold,365000.0,3.0,2.0,0.21,138641.0,Walla Walla,Washington,99362.0,2516.0,2021-12-02
108356.0,sold,480000.0,3.0,2.0,0.46,538148.0,Walla Walla,Washington,99362.0,1441.0,2021-12-02
67372.0,sold,7.0,,,48.0,1933610.0,Richland,Washington,99362.0,,2021-11-12
108356.0,sold,339000.0,3.0,2.0,0.14,451908.0,Walla Walla,Washington,99362.0,2240.0,2021-11-10
108356.0,sold,575000.0,3.0,3.0,0.94,228346.0,Walla Walla,Washington,99362.0,2622.0,2021-11-10
105917.0,sold,1349000.0,4.0,4.0,0.94,838633.0,Walla Walla,Washington,99362.0,3014.0,2021-11-08
109941.0,sold,625000.0,4.0,3.0,0.21,1253751.0,Walla Walla,Washington,99362.0,2368.0,2021-11-08
50320.0,sold,165000.0,3.0,1.0,0.17,1268909.0,Pilot Rock,Oregon,97868.0,960.0,2021-11-08
4029.0,sold,329900.0,3.0,2.0,0.39,964539.0,Clarkston,Washington,99403.0,1540.0,2021-11-17
67010.0,sold,254900.0,2.0,1.0,0.21,1692613.0,Asotin,Washington,99402.0,684.0,2021-11-17
79250.0,sold,125000.0,,,0.2,401184.0,Clarkston,Washington,99403.0,,2021-11-10
86172.0,sold,109000.0,,,5.09,1964752.0,Clarkston,Washington,99403.0,,2021-11-10
86172.0,sold,35000.0,,,0.33,1563520.0,Clarkston,Washington,99403.0,,2021-11-10
6736.0,sold,354900.0,4.0,2.0,0.23,749843.0,Clarkston,Washington,99403.0,1922.0,2021-12-15
16013.0,sold,550000.0,3.0,2.0,0.26,666774.0,Clarkston,Washington,99403.0,1710.0,2022-01-14
6736.0,sold,249000.0,3.0,3.0,0.67,305603.0,Clarkston,Washington,99403.0,2260.0,2022-01-14
23014.0,sold,327000.0,3.0,2.0,0.17,1782865.0,Clarkston,Washington,99403.0,2568.0,2022-02-28
23014.0,sold,279000.0,3.0,2.0,0.67,1782093.0,Lewiston,Idaho,83501.0,2001.0,2021-12-15
6736.0,sold,672000.0,4.0,3.0,1.06,1074539.0,Lewiston,Idaho,83501.0,3312.0,2022-01-10
16013.0,sold,195000.0,2.0,2.0,0.12,1676611.0,Lewiston,Idaho,83501.0,938.0,2022-01-10
86172.0,sold,779000.0,5.0,4.0,2.56,855914.0,Clarkston,Washington,99403.0,3368.0,2022-01-28
51869.0,sold,119000.0,3.0,2.0,,617259.0,Clarkston,Washington,99403.0,1809.0,2022-03-01
84718.0,sold,299000.0,3.0,2.0,0.23,1152260.0,Lewiston,Idaho,83501.0,2008.0,2022-03-01
6736.0,sold,265000.0,3.0,2.0,,1043726.0,Lewiston,Idaho,83501.0,1152.0,2022-03-01
23014.0,sold,210000.0,4.0,1.0,0.15,1700302.0,Clarkston,Washington,99403.0,1728.0,2022-03-30
51869.0,sold,285000.0,3.0,2.0,0.5,348793.0,Lewiston,Idaho,83501.0,1620.0,2022-04-12
16235.0,sold,322000.0,4.0,3.0,0.16,29480.0,Othello,Washington,99344.0,2050.0,2021-12-22
108244.0,sold,150000.0,3.0,1.0,0.19,1812178.0,Pilot Rock,Oregon,97868.0,1055.0,2022-01-14
33745.0,sold,299990.0,3.0,2.0,5.0,956017.0,Eltopia,Washington,99330.0,1188.0,2022-03-04
108069.0,sold,375000.0,2.0,2.0,0.43,800439.0,Walla Walla,Washington,99362.0,1208.0,2021-12-03
108356.0,sold,275000.0,,,1.68,915374.0,Walla Walla,Washington,99362.0,,2021-12-30
8200.0,sold,409900.0,2.0,2.0,0.24,489002.0,Walla Walla,Washington,99362.0,1111.0,2021-12-29
53764.0,sold,447000.0,4.0,3.0,0.26,1314089.0,Walla Walla,Washington,99362.0,2352.0,2021-12-29
23062.0,sold,324900.0,3.0,1.0,0.25,278935.0,Walla Walla,Washington,99362.0,1332.0,2021-12-29
105916.0,sold,455000.0,4.0,2.0,0.2,1484218.0,Walla Walla,Washington,99362.0,2089.0,2021-12-28
23062.0,sold,339000.0,2.0,1.0,0.16,354891.0,Walla Walla,Washington,99362.0,1203.0,2021-12-28
108356.0,sold,275000.0,,,1.59,596922.0,Walla Walla,Washington,99362.0,,2021-12-28
23062.0,sold,275000.0,2.0,2.0,0.14,82323.0,Walla Walla,Washington,99362.0,989.0,2021-12-27
108356.0,sold,300000.0,4.0,2.0,0.18,529362.0,Walla Walla,Washington,99362.0,2107.0,2021-12-27
108069.0,sold,419000.0,3.0,2.0,0.3,1244779.0,Walla Walla,Washington,99362.0,1474.0,2021-12-27
109941.0,sold,650000.0,,,41.58,1846569.0,Walla Walla,Washington,99362.0,,2021-12-27
105917.0,sold,1250000.0,3.0,3.0,1.0,234882.0,Walla Walla,Washington,99362.0,2340.0,2021-12-27
53771.0,sold,75000.0,3.0,2.0,,280256.0,Walla Walla,Washington,99362.0,1426.0,2021-12-23
108356.0,sold,275000.0,,,1.73,1447947.0,Walla Walla,Washington,99362.0,,2021-12-23
53764.0,sold,799000.0,4.0,2.0,0.27,745455.0,Walla Walla,Washington,99362.0,2600.0,2021-12-22
51838.0,sold,179900.0,3.0,2.0,0.12,1355099.0,Walla Walla,Washington,99362.0,1188.0,2022-01-28
108069.0,sold,309000.0,4.0,2.0,0.18,1538006.0,Walla Walla,Washington,99362.0,1920.0,2022-01-27
105917.0,sold,294000.0,,,4.04,1942398.0,Walla Walla,Washington,99362.0,,2022-01-26
108356.0,sold,275000.0,,,1.61,1137775.0,Walla Walla,Washington,99362.0,,2022-01-24
108356.0,sold,1225000.0,5.0,4.0,1.02,866177.0,Walla Walla,Washington,99362.0,2653.0,2022-01-24
108356.0,sold,275000.0,,,1.77,1309786.0,Walla Walla,Washington,99362.0,,2022-01-21
108356.0,sold,300000.0,,,1.63,1668435.0,Walla Walla,Washington,99362.0,,2022-01-20
51837.0,sold,307500.0,4.0,2.0,0.17,468864.0,Walla Walla,Washington,99362.0,1224.0,2022-02-28
23062.0,sold,189000.0,,,0.54,1948334.0,Walla Walla,Washington,99362.0,,2022-02-28
108356.0,sold,549500.0,3.0,2.0,0.22,1054848.0,Walla Walla,Washington,99362.0,1853.0,2022-02-25
108069.0,sold,384900.0,4.0,2.0,0.17,213754.0,Walla Walla,Washington,99362.0,2562.0,2022-02-25
23062.0,sold,615000.0,5.0,3.0,0.22,1733169.0,Walla Walla,Washington,99362.0,4082.0,2022-03-30
23062.0,sold,839000.0,5.0,3.0,1.88,672098.0,Walla Walla,Washington,99362.0,4188.0,2022-03-29
23062.0,sold,199900.0,3.0,2.0,,292202.0,Walla Walla,Washington,99362.0,1799.0,2022-03-29
105917.0,sold,599000.0,5.0,3.0,0.14,1129001.0,Walla Walla,Washington,99362.0,2942.0,2022-03-29
108069.0,sold,429000.0,5.0,3.0,0.14,576276.0,Walla Walla,Washington,99362.0,2198.0,2022-03-29
105917.0,sold,149000.0,1.0,1.0,0.58,45476.0,Walla Walla,Washington,99362.0,576.0,2022-03-28
23062.0,sold,375000.0,5.0,2.0,0.17,674108.0,Walla Walla,Washington,99362.0,2228.0,2022-03-25
105917.0,sold,199000.0,2.0,1.0,1.0,1582109.0,Walla Walla,Washington,99362.0,,2022-03-25
108069.0,sold,199900.0,3.0,1.0,0.1,791118.0,Walla Walla,Washington,99362.0,1465.0,2022-03-25
33745.0,sold,360000.0,3.0,2.0,0.13,1188223.0,Walla Walla,Washington,99362.0,1488.0,2022-03-18
23062.0,sold,287000.0,2.0,1.0,0.14,1482197.0,Walla Walla,Washington,99362.0,969.0,2022-03-18
108356.0,sold,630500.0,4.0,3.0,2.2,1599338.0,Walla Walla,Washington,99362.0,2124.0,2022-03-18
108356.0,sold,625000.0,3.0,2.0,0.2,693693.0,Walla Walla,Washington,99362.0,2017.0,2022-03-18
23062.0,sold,249900.0,3.0,2.0,,298885.0,Walla Walla,Washington,99362.0,1685.0,2022-03-17
51838.0,sold,465000.0,3.0,3.0,0.12,939578.0,Walla Walla,Washington,99362.0,2516.0,2022-03-17
23062.0,sold,245000.0,2.0,2.0,0.14,44604.0,Walla Walla,Washington,99362.0,1306.0,2022-03-17
23062.0,sold,399900.0,3.0,2.0,0.25,721302.0,Walla Walla,Washington,99362.0,1893.0,2022-03-15
53764.0,sold,685000.0,3.0,3.0,0.38,779818.0,Walla Walla,Washington,99362.0,2540.0,2022-03-15
53768.0,sold,260000.0,5.0,1.0,0.19,732385.0,Milton Freewater,Oregon,97862.0,2374.0,2021-12-21
50400.0,sold,291500.0,3.0,2.0,0.18,201442.0,Milton Freewater,Oregon,97862.0,1520.0,2021-12-21
108069.0,sold,209500.0,2.0,1.0,0.17,77115.0,Milton Freewater,Oregon,97862.0,1148.0,2021-12-21
23062.0,sold,349900.0,3.0,2.0,0.23,541792.0,Walla Walla,Washington,99362.0,1888.0,2022-01-11
23062.0,sold,599000.0,4.0,3.0,6.0,1047488.0,Touchet,Washington,99360.0,2496.0,2022-01-10
108356.0,sold,325000.0,3.0,1.0,0.14,1466481.0,Walla Walla,Washington,99362.0,1326.0,2022-01-07
53764.0,sold,450000.0,3.0,2.0,0.18,546437.0,Walla Walla,Washington,99362.0,1670.0,2022-01-06
23062.0,sold,449000.0,4.0,2.0,0.26,547815.0,Walla Walla,Washington,99362.0,2198.0,2022-01-06
23062.0,sold,249000.0,5.0,4.0,0.25,649947.0,College Place,Washington,99324.0,3040.0,2022-01-28
51838.0,sold,569000.0,5.0,2.0,0.29,1788349.0,Walla Walla,Washington,99362.0,2555.0,2022-01-28
23062.0,sold,299000.0,3.0,1.0,0.24,340929.0,Walla Walla,Washington,99362.0,2400.0,2022-01-28
33745.0,sold,578500.0,3.0,3.0,5.0,1683540.0,Hermiston,Oregon,97838.0,1967.0,2022-01-28
23062.0,sold,239000.0,2.0,1.0,0.14,49610.0,Walla Walla,Washington,99362.0,1222.0,2022-01-28
108244.0,sold,280000.0,3.0,2.0,0.34,209038.0,Milton Freewater,Oregon,97862.0,1274.0,2022-01-28
23062.0,sold,215000.0,2.0,2.0,0.12,663098.0,Milton Freewater,Oregon,97862.0,1524.0,2022-01-28
108069.0,sold,367000.0,3.0,2.0,0.11,247893.0,College Place,Washington,99324.0,1242.0,2022-02-22
51838.0,sold,445000.0,3.0,2.0,0.48,256677.0,Walla Walla,Washington,99362.0,1450.0,2022-03-09
108356.0,sold,439000.0,3.0,2.0,0.21,50624.0,Walla Walla,Washington,99362.0,2328.0,2022-03-09
23062.0,sold,245000.0,2.0,1.0,0.17,218392.0,Walla Walla,Washington,99362.0,832.0,2022-03-09
23062.0,sold,339000.0,5.0,2.0,0.15,460844.0,Walla Walla,Washington,99362.0,2240.0,2022-03-08
53618.0,sold,90000.0,3.0,2.0,,1259406.0,Richland,Washington,99354.0,1294.0,2022-02-24
108243.0,sold,475000.0,3.0,2.0,0.22,909780.0,Richland,Washington,99354.0,1752.0,2022-02-23
72729.0,sold,589900.0,4.0,3.0,0.24,980790.0,Richland,Washington,99354.0,2411.0,2022-02-23
33745.0,sold,270000.0,3.0,1.0,0.15,277987.0,Richland,Washington,99354.0,1266.0,2022-02-22
86230.0,sold,130000.0,3.0,2.0,,621749.0,Richland,Washington,99354.0,1792.0,2022-02-22
98730.0,sold,314900.0,2.0,1.0,0.17,577136.0,Richland,Washington,99354.0,1536.0,2022-02-18
85499.0,sold,341000.0,3.0,2.0,0.25,1170846.0,Richland,Washington,99354.0,1740.0,2022-02-16
10728.0,sold,329900.0,4.0,2.0,0.17,1589158.0,Richland,Washington,99354.0,1872.0,2022-02-16
85499.0,sold,45000.0,2.0,2.0,,621750.0,Richland,Washington,99354.0,924.0,2022-02-16
33745.0,sold,310000.0,3.0,1.0,0.23,1594744.0,Richland,Washington,99354.0,1845.0,2022-02-14
108210.0,sold,425000.0,4.0,3.0,0.25,215391.0,Richland,Washington,99354.0,2732.0,2022-02-14
72729.0,sold,599900.0,3.0,3.0,0.19,978374.0,Richland,Washington,99354.0,2571.0,2022-02-14
108243.0,sold,425000.0,3.0,3.0,0.06,970797.0,Richland,Washington,99354.0,1876.0,2022-02-14
16235.0,sold,305000.0,4.0,2.0,0.42,353937.0,Richland,Washington,99354.0,2000.0,2022-02-11
53860.0,sold,310000.0,3.0,1.0,0.21,500240.0,Richland,Washington,99354.0,1152.0,2022-02-11
60631.0,sold,385000.0,4.0,2.0,0.21,210890.0,Richland,Washington,99354.0,1656.0,2022-03-28
85499.0,sold,339900.0,4.0,2.0,0.2,41160.0,Richland,Washington,99354.0,2780.0,2022-03-28
23009.0,sold,359900.0,4.0,2.0,0.33,353094.0,Richland,Washington,99354.0,3600.0,2022-03-25
18208.0,sold,350000.0,3.0,2.0,0.1,1062149.0,Richland,Washington,99354.0,1616.0,2022-03-25
76856.0,sold,440000.0,6.0,3.0,0.5,405677.0,Richland,Washington,99354.0,3200.0,2022-03-24
53618.0,sold,179900.0,2.0,1.0,0.09,761379.0,Richland,Washington,99354.0,933.0,2022-03-24
108243.0,sold,580000.0,5.0,3.0,0.31,307704.0,Richland,Washington,99354.0,3615.0,2022-03-23
